{
  "drugs": [
    {
      "id": "b52d7619-da1f-4d63-805d-1d124fe53df4",
      "diseases": [
        "bladder disease",
        "cystitis",
        "acute cystitis"
      ],
      "description": "Eum et quia aliquam fugiat. Ab est quam esse. Quia quibusdam sunt temporibus repudiandae doloremque ea. Nisi eum aperiam modi tempora blanditiis hic iure mollitia ut.",
      "name": "Folic Acid",
      "released": "1973-12-29"
    },
    {
      "id": "cdf1dcda-19cf-4cbc-ae9c-75d7ae4088ae",
      "diseases": [
        "sensory system disease",
        "auditory system disease",
        "dislocation of ear ossicle"
      ],
      "description": "Provident et ratione adipisci blanditiis sit omnis. Quis sit molestias perspiciatis ea est vel totam. Est et ut aspernatur ut cupiditate voluptatem fuga incidunt. Ea vel non quidem. Quasi odio deleniti quo. Quasi et fugiat veniam temporibus hic excepturi veniam voluptatem quia.",
      "name": "Emsam",
      "released": "2000-12-07"
    },
    {
      "id": "df4b747e-dffc-440c-a431-067fdbd2be39",
      "diseases": [
        "blindness",
        "color blindness",
        "achromatopsia"
      ],
      "description": "Ad et blanditiis non similique natus ducimus non tenetur. Id voluptate commodi ut dolor fugit. Sed rerum aut enim unde blanditiis eaque saepe quaerat. Est at enim eveniet sequi qui sit est. Consequatur atque provident voluptate non laboriosam voluptates ullam dolorem asperiores.",
      "name": "Levocabastine",
      "released": "1981-10-30"
    },
    {
      "id": "d95fed81-a697-4a7e-b573-eb73ccd09de3",
      "diseases": [
        "parasitic infectious disease",
        "parasitic protozoa infectious disease",
        "malaria"
      ],
      "description": "Ad expedita quia rerum placeat beatae asperiores eligendi. Ipsam a nam repudiandae aut autem commodi autem. Rerum quisquam eligendi illum nisi. Dolorum aspernatur ipsum sequi qui qui.",
      "name": "Caduet",
      "released": "2014-01-17"
    },
    {
      "id": "93472422-0d34-4476-bfcb-8354b2779304",
      "diseases": [
        "cell type cancer",
        "melanoma",
        "amelanotic melanoma"
      ],
      "description": "Quo dolores atque rerum rerum. Ullam libero nostrum quo reprehenderit et voluptatem accusantium. Odio magni minima quaerat similique accusantium velit quibusdam. Dolore nemo sint maxime.",
      "name": "Dynapen",
      "released": "2000-11-29"
    },
    {
      "id": "85e214e0-b0e9-4aee-a417-ad1c6e0f1dbc",
      "diseases": [
        "breast carcinoma",
        "breast adenocarcinoma",
        "mammary Paget's disease"
      ],
      "description": "Unde est ducimus temporibus aut sed. Autem error est tenetur vel impedit est itaque ut. Quo voluptas fugiat vel voluptate non reprehenderit qui rem. Harum ea et. Assumenda quia molestiae dolore et voluptatibus veniam sequi cumque vel.",
      "name": "Minocycline",
      "released": "1981-02-18"
    },
    {
      "id": "e8c4badd-3e5a-4f45-b3c0-ef156703e6af",
      "diseases": [
        "non-Hodgkin lymphoma",
        "B-cell lymphoma",
        "lymphoplasmacytic lymphoma"
      ],
      "description": "Facilis quis est molestiae eos ullam sequi placeat et. Quia iste qui. Amet aliquid explicabo quia accusantium ducimus rerum animi. Ratione voluptatem minus.",
      "name": "Cognex",
      "released": "2005-04-12"
    },
    {
      "id": "8ef1df69-3786-46d0-8176-f62db07baf4c",
      "diseases": [
        "male urethral cancer",
        "prostatic urethral cancer",
        "prostatic urethra urothelial carcinoma"
      ],
      "description": "Quis ut optio consequuntur quaerat maiores dolore exercitationem illum. Inventore rerum voluptatem provident voluptate veniam autem ipsam dolorem. Illo sint reiciendis facilis quis placeat.",
      "name": "Amlodipine Besylate",
      "released": "1970-09-17"
    },
    {
      "id": "b9b37168-5eed-4b68-bbc1-7c104d8f9c9e",
      "diseases": [
        "autosomal genetic disease",
        "autosomal recessive disease",
        "Antley-Bixler syndrome"
      ],
      "description": "Et veniam dicta repellendus qui. Pariatur velit a quasi eius quis rem. Unde sit nihil hic dolorem unde ad in quia. Et a et explicabo vitae fugiat.",
      "name": "Letairis",
      "released": "1976-12-21"
    },
    {
      "id": "9277ed2a-10ea-4158-b1e8-cf390a30e4c2",
      "diseases": [
        "auditory system disease",
        "inner ear disease",
        "motion sickness"
      ],
      "description": "Quasi dolorum esse vero ducimus quia assumenda. Adipisci qui vel illo rerum sed deleniti quos. Exercitationem dolor quaerat facere eum veritatis eaque ut minima fuga. Praesentium est molestiae nihil amet.",
      "name": "Cystadane",
      "released": "2004-08-09"
    },
    {
      "id": "9811d64b-1b53-4bad-af0e-69772f9c79ad",
      "diseases": [
        "sarcoma",
        "rectum sarcoma",
        "rectum rhabdomyosarcoma"
      ],
      "description": "Occaecati voluptatibus labore doloremque voluptatum. Reiciendis adipisci ducimus expedita odio voluptatum eaque rerum ratione. Non dignissimos voluptas ab maiores.",
      "name": "Cuvposa",
      "released": "2002-05-17"
    },
    {
      "id": "ab549672-13d9-4d09-bd70-24951397a77a",
      "diseases": [
        "neuroectodermal tumor",
        "central nervous system primitive neuroectodermal neoplasm",
        "spinal cord primitive neuroectodermal neoplasm"
      ],
      "description": "Voluptatem quasi magnam expedita aliquam in. Ipsa voluptas doloribus nam. Id voluptatum voluptas animi aspernatur quibusdam.",
      "name": "Protopic",
      "released": "1983-08-09"
    },
    {
      "id": "3ed51b94-2aed-4515-835d-07c184ae31d3",
      "diseases": [
        "endocrine organ benign neoplasm",
        "liver benign neoplasm",
        "liver leiomyoma"
      ],
      "description": "Inventore ut minus eveniet autem. Numquam ab error dolores sit magni in nisi. Harum ut sit itaque delectus adipisci nihil explicabo velit. Adipisci rerum expedita est. Voluptas provident minus excepturi est ipsum quod at dolores est.",
      "name": "Azasan",
      "released": "1995-11-12"
    },
    {
      "id": "24254735-2a08-4f57-86eb-b7964186dad8",
      "diseases": [
        "cervix disease",
        "cervical cancer",
        "cervical carcinosarcoma"
      ],
      "description": "Minima et ut voluptatem quia minima corrupti atque. Quo commodi nesciunt et aut nobis eveniet. Quos reiciendis quaerat aut. Ab sed laboriosam quia sunt iusto perferendis natus dolor nostrum. Dolor maiores earum tempora.",
      "name": "Tribenzor",
      "released": "2006-08-27"
    },
    {
      "id": "deece38a-a7fe-44d2-932a-c803ac74dd78",
      "diseases": [
        "endocrine organ benign neoplasm",
        "pituitary adenoma",
        "acidophil adenoma"
      ],
      "description": "Enim maxime totam quia culpa. A veritatis tempore aliquam consequatur laborum. Cupiditate doloremque enim quia odio laudantium non et.",
      "name": "Essential Amino Acids",
      "released": "1996-02-12"
    },
    {
      "id": "0b69971d-bbdf-422b-976d-719a6570846f",
      "diseases": [
        "autosomal genetic disease",
        "autosomal dominant disease",
        "spondyloepiphyseal dysplasia congenita"
      ],
      "description": "Rerum et eligendi eius. Quia voluptatibus asperiores est necessitatibus sunt atque saepe est atque. Praesentium reprehenderit placeat reprehenderit. Dolores aut tempore consequatur.",
      "name": "Avandia",
      "released": "2013-06-15"
    },
    {
      "id": "f004c2f1-4412-48ca-acaf-632686f0eccd",
      "diseases": [
        "monogenic disease",
        "cataract",
        "cataract 10 multiple types"
      ],
      "description": "Numquam voluptatem molestiae sed atque voluptatibus non. Aut vero rerum dolorem omnis velit voluptatem quidem ullam. Ut tenetur repellat officia quis. Itaque voluptatem eos et aut et.",
      "name": "Abatacept",
      "released": "1970-03-31"
    },
    {
      "id": "76839685-f8ba-46ca-9d9a-0e7500ba9e2d",
      "diseases": [
        "impulse control disorder",
        "pyromania"
      ],
      "description": "Id sed voluptates et. Asperiores eaque debitis nostrum voluptatem fugiat odit qui. Velit aut eos animi porro asperiores voluptatem perferendis omnis. Consequatur magni odio ullam. Ut eligendi amet.",
      "name": "Revatio",
      "released": "1989-11-20"
    },
    {
      "id": "b05a2555-d0f3-460c-b386-9fa268d19172",
      "diseases": [
        "autosomal genetic disease",
        "autosomal dominant disease",
        "Bart-Pumphrey syndrome"
      ],
      "description": "Maxime rerum sunt ullam. Sed repellat voluptatem nemo consequatur magni qui. Iure natus voluptatem in est numquam voluptatibus. Ipsam voluptatibus in delectus.",
      "name": "Acamprosate Calcium",
      "released": "1982-12-19"
    },
    {
      "id": "65473f68-e964-47f9-a7fa-44f9bedc0cd7",
      "diseases": [
        "organic acidemia",
        "methylmalonic acidemia",
        "methylmalonic aciduria and homocystinuria type cblE"
      ],
      "description": "Repudiandae eos facere qui. Id ut minima iste cupiditate. Corporis ab sed non cum repellat. Enim rerum ex aliquid et dolores est.",
      "name": "Drisdol",
      "released": "1974-07-01"
    },
    {
      "id": "e324a483-7540-4f7d-9732-1e7e7fad2f7d",
      "diseases": [
        "urinary system disease",
        "bladder disease",
        "neurogenic bladder"
      ],
      "description": "Perferendis nihil tempore. Sed voluptatem aut enim placeat est itaque. Aliquid nobis similique at fugiat. Odit officia amet tempora architecto quod aperiam totam et. Autem at beatae fugit qui sint magni. Eum id optio et debitis distinctio laboriosam dolorem omnis.",
      "name": "Doral",
      "released": "1973-09-25"
    },
    {
      "id": "e18ff541-a20f-48ee-be92-33d3f011524a",
      "diseases": [
        "monogenic disease",
        "cataract",
        "cataract 13 with adult i phenotype"
      ],
      "description": "Id doloribus aut incidunt esse. Aliquam assumenda atque deserunt ut et voluptatem eum necessitatibus. Ut dolor facilis tempora inventore beatae dolor architecto. Quae sunt asperiores quibusdam dolorem facilis vel ipsum rerum omnis. Earum necessitatibus perferendis est ad quaerat pariatur sint.",
      "name": "Fluvirin",
      "released": "2001-03-24"
    },
    {
      "id": "32dde847-c272-484f-af1a-cfd3f538fc4b",
      "diseases": [
        "adenocarcinoma",
        "pancreatic adenocarcinoma",
        "pancreatic acinar cell adenocarcinoma"
      ],
      "description": "Et est velit quis. Rem voluptate vitae recusandae quaerat occaecati eos ut. Repellat iste rerum vel consequatur enim earum quis. Minima eum perspiciatis occaecati nam ut quis libero.",
      "name": "Akineton",
      "released": "1984-11-09"
    },
    {
      "id": "8faa4839-9e3c-4190-85eb-adc321dfcb28",
      "diseases": [
        "eye disease",
        "retinal disease",
        "retinal ischemia"
      ],
      "description": "Dolorem doloribus minima natus sit odit. A omnis qui fugiat sequi. Nobis minima aut consequatur ratione autem nulla excepturi sit animi. Reiciendis ullam in nisi veniam nihil sunt est est voluptas. Aut et ducimus qui ab. Magni expedita impedit tenetur illum.",
      "name": "Melphalan",
      "released": "1973-12-23"
    },
    {
      "id": "fc422320-ec6d-40de-b734-ac75e9070b68",
      "diseases": [
        "food allergy",
        "fruit allergy",
        "peach allergy"
      ],
      "description": "Ratione dolorum iusto velit itaque excepturi impedit quaerat. Sunt aut rerum earum sit numquam. Dolorem repellendus cupiditate sit rem quaerat minima doloribus.",
      "name": "Avastin",
      "released": "1983-11-04"
    },
    {
      "id": "2fccf59e-ed53-4529-a181-1b8a221d164d",
      "diseases": [
        "lower respiratory tract disease",
        "bronchial disease",
        "bronchiolitis obliterans"
      ],
      "description": "Iste autem incidunt. Assumenda aspernatur ut similique voluptate eos. Dignissimos temporibus sequi.",
      "name": "Gold Sodium Thiomalate",
      "released": "1992-10-13"
    },
    {
      "id": "a099944e-b017-4d15-98ac-78a6167bc10a",
      "diseases": [
        "respiratory system cancer",
        "lung cancer",
        "epithelioid trophoblastic tumor"
      ],
      "description": "Corporis rerum sequi ex corrupti rerum velit doloremque. Dolor earum dolorem nam quasi rerum voluptatum. Cum nobis ab repellendus.",
      "name": "Avastin",
      "released": "1982-04-10"
    },
    {
      "id": "73fd70b9-8741-4db6-b008-dbb9f70f250f",
      "diseases": [
        "cognitive disorder",
        "dementia",
        "frontotemporal dementia"
      ],
      "description": "Cupiditate aut illum cum natus reiciendis dolorum debitis facilis. Quo assumenda facere eius nam dicta et. A et quia laudantium non ipsa fuga. Tempora consequatur ducimus qui aut voluptatem id voluptatem commodi. Distinctio aliquid eaque quia necessitatibus similique.",
      "name": "Santyl",
      "released": "1995-04-17"
    },
    {
      "id": "88e040ca-76e4-4500-be34-398709e849c7",
      "diseases": [
        "peripheral osteosarcoma",
        "juxtacortical osteosarcoma",
        "childhood parosteal osteogenic sarcoma"
      ],
      "description": "A aut nisi. Omnis enim expedita rerum voluptates nisi. Molestiae asperiores quis labore et et. Non eum et nobis sed dicta velit ut culpa.",
      "name": "Risperidone",
      "released": "2000-09-05"
    },
    {
      "id": "e4ea5bdb-d3e4-4e97-97dd-98db23dcdf6a",
      "diseases": [
        "endocrine system disease",
        "thyroid gland disease",
        "thyroiditis"
      ],
      "description": "Dolorem eos hic dolor doloribus pariatur. Aut tempora eligendi architecto eveniet vel quam. Eaque aut ab quibusdam sit voluptates quibusdam labore. Ut amet unde tempora iusto dolores quia deserunt voluptate sed.",
      "name": "Caduet",
      "released": "1973-11-29"
    },
    {
      "id": "20222429-4bf6-4d24-ba2f-0ae743ed77c4",
      "diseases": [
        "inherited metabolic disorder",
        "carbohydrate metabolic disorder",
        "pyruvate carboxylase deficiency disease"
      ],
      "description": "Atque velit ut. Autem dolor placeat rem sequi. Illum quo ea est sunt dolore. Voluptatem omnis eos non non eligendi accusamus consectetur. Facere ut necessitatibus sed.",
      "name": "Pediapred",
      "released": "2016-01-21"
    },
    {
      "id": "45889e83-9f2a-4663-8cd1-805a6d68e823",
      "diseases": [
        "syndromic intellectual disability",
        "syndromic X-linked intellectual disability",
        "syndromic X-linked intellectual disability Turner type"
      ],
      "description": "Delectus similique quis. Ea id laboriosam. Architecto voluptatum occaecati voluptates harum aliquid.",
      "name": "Provisc",
      "released": "2015-12-11"
    },
    {
      "id": "b1312347-dd05-4484-bf2f-3a7cbb98e7c1",
      "diseases": [
        "musculoskeletal system cancer",
        "connective tissue cancer",
        "Kaposi's sarcoma"
      ],
      "description": "Beatae eaque nihil ea qui. Sed et aut qui enim mollitia consequatur ad. Aut tenetur a neque quibusdam aliquam consequatur quidem. Rerum enim natus rerum. Quis incidunt voluptas ab aspernatur praesentium.",
      "name": "Lotemax",
      "released": "2005-08-08"
    },
    {
      "id": "4d82062f-6c76-4208-8d03-9bc4136c06a3",
      "diseases": [
        "sarcoma",
        "meninges sarcoma",
        "sarcomatosis of the meninges"
      ],
      "description": "Ut ab aut consequatur ex eaque. Et et cum qui ut error quisquam et. Aut quia laudantium dolorum accusamus distinctio totam. Ea et magni nobis vel. Unde repellat quia in fugiat aut eos voluptatem qui aspernatur.",
      "name": "Rifamate",
      "released": "1982-09-18"
    },
    {
      "id": "25b9de75-ad0b-4dc1-b145-3a6ccbecfe92",
      "diseases": [
        "fasciitis",
        "pseudosarcomatous fibromatosis",
        "cranial pseudosarcomatous fasciitis"
      ],
      "description": "Corporis suscipit impedit voluptatum accusantium tenetur quod vel expedita. Sunt explicabo consequatur delectus a aut. Quia necessitatibus mollitia quia ea ut et. Autem nam voluptatum magni molestiae perspiciatis asperiores minus.",
      "name": "Sporanox",
      "released": "2012-10-10"
    },
    {
      "id": "e34d98ff-35cc-42d6-89c4-07ee5a2a4266",
      "diseases": [
        "endocrine gland cancer",
        "pituitary cancer",
        "pituitary carcinoma"
      ],
      "description": "Dicta fugiat officia eum velit provident id. Unde voluptas et culpa aut in pariatur ducimus. Placeat molestiae culpa eum rerum itaque est quo voluptas. Quos possimus qui rerum iure eum vitae explicabo. Atque voluptatem quaerat laborum distinctio consequatur corrupti ut velit.",
      "name": "Zymaxid",
      "released": "2014-01-01"
    },
    {
      "id": "42cde02e-c36f-4609-9088-8ebc5649ab26",
      "diseases": [
        "uterine cancer",
        "uterine corpus cancer",
        "mixed endometrial stromal and smooth muscle tumor"
      ],
      "description": "Nihil autem voluptas nemo asperiores dolorem doloribus repudiandae. Explicabo qui quis a sit cumque aut suscipit placeat. Occaecati debitis quos ipsa enim dolores enim. Voluptas voluptatem minima itaque. Ullam quod fugiat sed.",
      "name": "Gonal-f RFF",
      "released": "1982-07-06"
    },
    {
      "id": "8ae34bb8-c9a7-4481-85a4-b3a1d217b67f",
      "diseases": [
        "lysosomal storage disease",
        "mucopolysaccharidosis",
        "Sly syndrome"
      ],
      "description": "Dolor placeat dignissimos amet perspiciatis ut veniam aut et. Dolorem dolorum eius. Accusantium neque sed iusto aut esse quo sit enim nulla.",
      "name": "Trovan",
      "released": "1984-02-03"
    },
    {
      "id": "b8e3ff1f-62a9-4223-92b9-e903449c5a65",
      "diseases": [
        "lymphedema",
        "elephantiasis",
        "podoconiosis"
      ],
      "description": "Eveniet eum qui asperiores molestias cumque quia eum. Tenetur dolorem excepturi nemo est. Eaque maiores eius numquam. Nesciunt hic dolores adipisci aperiam delectus magnam mollitia consequatur.",
      "name": "Astemizole",
      "released": "1992-06-07"
    },
    {
      "id": "28f1d305-9481-4124-a799-e0ffb7f5718d",
      "diseases": [
        "chronic obstructive pulmonary disease",
        "pulmonary emphysema",
        "interstitial emphysema"
      ],
      "description": "Animi rerum quia. Aut laborum doloremque odit id consequatur sit facere et ipsam. Corrupti sed dolor magnam et et similique accusantium. Inventore ut ab voluptas repellendus iusto doloribus qui vel.",
      "name": "Gynazole",
      "released": "1989-08-16"
    },
    {
      "id": "a78187f4-1e66-402a-9ebf-a1547894cfd0",
      "diseases": [
        "nutrition disease",
        "nutritional deficiency disease",
        "Keshan disease"
      ],
      "description": "Deserunt velit sit et. Quia quisquam maiores velit autem in eum sit officiis minus. Cupiditate reprehenderit adipisci asperiores laudantium consequatur. Vitae ullam iusto enim cumque atque.",
      "name": "Benztropine Mesylate",
      "released": "2014-01-22"
    },
    {
      "id": "5cc5e763-efec-49fa-8768-73e76b49b345",
      "diseases": [
        "food allergy",
        "fruit allergy",
        "plum allergy"
      ],
      "description": "Nulla perferendis omnis numquam non. Corrupti quod adipisci excepturi non nisi ut architecto impedit. Eos tempore voluptas maiores culpa a animi eius ex. Voluptatem quo architecto incidunt nulla velit et enim. Corporis possimus rem aut quam dolores.",
      "name": "Methylene Blue",
      "released": "1991-01-24"
    },
    {
      "id": "23345304-e424-4d90-9136-2cad5fc0f193",
      "diseases": [
        "allergic hypersensitivity disease",
        "allergic contact dermatitis",
        "N,N'-diphenylthiourea allergic contact dermatitis"
      ],
      "description": "Deleniti quis perspiciatis excepturi. Officia consequatur maiores voluptatem unde ullam debitis. Hic ex ut accusamus molestiae nostrum voluptatem. Cumque reiciendis provident a.",
      "name": "Aldoril",
      "released": "1973-12-12"
    },
    {
      "id": "48358138-44c2-48e7-904c-23d677186657",
      "diseases": [
        "vascular disease",
        "cholesterol embolism",
        "atheroembolism of kidney"
      ],
      "description": "Veniam sed sit alias non qui ea incidunt. Et expedita sapiente ea minus. Rerum esse dolorem quibusdam ipsum quam quam explicabo dicta. Vero quasi voluptas voluptates rerum.",
      "name": "Somatropin",
      "released": "1984-04-09"
    },
    {
      "id": "306d8367-7f84-4aeb-9769-e6cce23768ab",
      "diseases": [
        "skin disease",
        "sweat gland disease",
        "miliaria"
      ],
      "description": "Provident odit minus quibusdam. Reprehenderit rerum in. Repellendus vitae qui ea quos. Ipsam voluptatem doloremque dolor ut laboriosam totam incidunt voluptatem. Cum occaecati veniam labore cum et cum.",
      "name": "Alli",
      "released": "2007-04-10"
    },
    {
      "id": "316ada04-45f6-4444-a567-0f8d0a958970",
      "diseases": [
        "cell type cancer",
        "malignant glioma",
        "pineal gland astrocytoma"
      ],
      "description": "Sunt et molestiae commodi accusamus amet. Possimus in consequuntur. Cupiditate eius dolores tenetur eaque dolorem nisi. Soluta labore ea natus. Sequi itaque soluta deserunt voluptas non non libero magni.",
      "name": "Cyclosporine",
      "released": "1971-05-16"
    },
    {
      "id": "c8f23c90-959f-49e6-af18-dd18e3db9acd",
      "diseases": [
        "male urethral cancer",
        "prostatic urethral cancer",
        "prostatic urethra urothelial carcinoma"
      ],
      "description": "Dolores sequi corporis praesentium quibusdam distinctio. Nobis placeat hic molestias eveniet molestias est quidem laudantium. Ut qui harum aut voluptas dignissimos. Impedit quibusdam sint ut exercitationem quia nemo. Temporibus architecto nisi repellat. Amet occaecati et culpa pariatur sequi doloremque impedit similique eum.",
      "name": "Ultravate",
      "released": "2013-08-02"
    },
    {
      "id": "be418796-68e5-426f-866f-cd6296590dfa",
      "diseases": [
        "bone disease",
        "arthropathy",
        "tenosynovitis"
      ],
      "description": "Iusto blanditiis nihil illum illo. Qui voluptatibus exercitationem ullam maxime porro molestiae et. Sunt illum doloremque voluptas nam. Quo ipsum aliquam fugiat corrupti dolore voluptatum magnam quis. Numquam quia amet dolorum dignissimos.",
      "name": "Entereg",
      "released": "1985-06-23"
    },
    {
      "id": "17fff6bd-f2af-48b6-8c92-edca4e036294",
      "diseases": [
        "opportunistic mycosis",
        "candidiasis",
        "chronic mucocutaneous candidiasis"
      ],
      "description": "Et fugiat accusamus id fugiat eos sapiente. Voluptas consequatur nobis. Ut voluptatibus aut eos.",
      "name": "Emsam",
      "released": "1978-10-31"
    },
    {
      "id": "79514973-17c3-4507-81c3-cb08b6e893d1",
      "diseases": [
        "nephritis",
        "glomerulonephritis",
        "diffuse glomerulonephritis"
      ],
      "description": "Nesciunt corporis excepturi sit nostrum aut incidunt quibusdam tempore corporis. Dolore consequatur expedita consequatur iure. Et non aut et inventore molestiae nihil.",
      "name": "Tamiflu",
      "released": "1971-06-22"
    },
    {
      "id": "5c93a174-e97f-4886-a42c-29d44f976e3f",
      "diseases": [
        "blepharitis",
        "noninfectious dermatoses of eyelid",
        "allergic contact dermatitis of eyelid"
      ],
      "description": "Blanditiis eius magni eum sit harum consectetur. Suscipit voluptatem reprehenderit aut est. Officiis repudiandae repudiandae. Laudantium modi tempore blanditiis aliquid asperiores reiciendis. Ea eos reiciendis sunt harum repudiandae odio beatae animi qui.",
      "name": "Isentress",
      "released": "1999-10-15"
    },
    {
      "id": "4c2d77ce-fe3f-4508-953a-7061f48d6e2e",
      "diseases": [
        "cell type benign neoplasm",
        "lipoma",
        "angiolipoma"
      ],
      "description": "Dicta nihil dolor totam. Et soluta repellat vero ut blanditiis qui tenetur architecto. Quis libero id. Reprehenderit ab inventore reprehenderit. Optio quam rerum. Blanditiis voluptatem debitis.",
      "name": "Frovatriptan Succinate",
      "released": "1981-07-10"
    },
    {
      "id": "f7af5659-8b74-429b-a87e-83645183a3c5",
      "diseases": [
        "neuroma",
        "neurilemmoma",
        "macrocystic neurilemmoma"
      ],
      "description": "Qui aut non velit et doloremque. Ratione quis illo explicabo rerum. Vero adipisci qui earum et earum. Dicta assumenda iste ut nihil. Autem iusto temporibus sint.",
      "name": "Santyl",
      "released": "1992-01-15"
    },
    {
      "id": "de51ad55-ee77-4006-a2f8-0b99187e2520",
      "diseases": [
        "cervix disease",
        "cervical cancer",
        "cervical carcinosarcoma"
      ],
      "description": "Omnis omnis dolorem in eum quae perferendis expedita ab possimus. Enim voluptatem ut est sit voluptatem culpa quia. At id adipisci veritatis omnis. Ad alias quia et sint. Nisi molestiae maxime error sequi inventore dolores.",
      "name": "Trovafloxacin",
      "released": "2014-06-25"
    },
    {
      "id": "dc9a5e1d-f2b1-4112-ae38-ac02b00f0d36",
      "diseases": [
        "chromosomal disease",
        "chromosomal duplication syndrome",
        "Potocki-Lupski syndrome"
      ],
      "description": "Non expedita consequatur occaecati. Voluptatem laboriosam natus voluptatibus ut. Non labore sit quo non dolor sint saepe.",
      "name": "Estradiol",
      "released": "2014-09-15"
    },
    {
      "id": "7a2a420c-666a-47b7-87c5-2305630c630a",
      "diseases": [
        "interstitial lung disease",
        "pneumoconiosis",
        "byssinosis"
      ],
      "description": "Eos est consequatur modi qui ut est iste. Numquam veniam ea cum sapiente cumque eos voluptas odit. Provident sit vitae cumque. Architecto incidunt dolores et veritatis. A recusandae commodi animi ut harum sed ipsam.",
      "name": "Thiabendazole",
      "released": "1996-12-04"
    },
    {
      "id": "531ad076-ab04-4b77-9a05-55316b01a357",
      "diseases": [
        "eye disease",
        "pupil disease",
        "abnormal pupillary function"
      ],
      "description": "Autem cupiditate ut asperiores. Atque sint eligendi repudiandae architecto. Recusandae architecto consequatur iure vitae quos sapiente at omnis.",
      "name": "Penciclovir",
      "released": "1994-10-09"
    },
    {
      "id": "17320e70-7280-4817-b3f5-e825e438cf38",
      "diseases": [
        "mastocytosis",
        "systemic mastocytosis",
        "indolent systemic mastocytosis"
      ],
      "description": "Eveniet et quo et quo. Dolorum et similique excepturi. Earum repellendus nihil rerum natus voluptatem occaecati quos voluptate sed. Et cumque voluptatem.",
      "name": "Loxitane",
      "released": "1972-12-25"
    },
    {
      "id": "ef2f2ea8-66f3-4a99-a09d-20fff6b8617b",
      "diseases": [
        "heart septal defect",
        "atrial heart septal defect",
        "Lutembacher's syndrome"
      ],
      "description": "Nobis tenetur esse qui quibusdam. Dolorum recusandae ut debitis odio culpa consequatur excepturi quisquam eos. Dicta voluptatem odio quo qui animi. Debitis in praesentium a unde nisi quam nihil.",
      "name": "Methadose Oral Concentrate",
      "released": "1980-05-18"
    },
    {
      "id": "1743ba14-ade3-4db4-a0c7-df93e80a3a37",
      "diseases": [
        "stomach disease",
        "gastritis",
        "alcoholic gastritis"
      ],
      "description": "Sequi quod ad sit alias. Qui commodi tenetur voluptatem. Nemo amet veritatis.",
      "name": "Thrombin",
      "released": "2000-08-10"
    },
    {
      "id": "23fddad0-f533-4d46-a7cf-902eafe32cf5",
      "diseases": [
        "inherited metabolic disorder",
        "amino acid metabolic disorder",
        "dicarboxylic aminoaciduria"
      ],
      "description": "Voluptas iure fuga quod magnam consequuntur nihil nobis fugiat. Veritatis itaque totam cumque ut quo eaque. Et aut vero aliquam. Ratione voluptatem voluptate tenetur quidem. Est odit distinctio fugiat.",
      "name": "Doxazosin Mesylate",
      "released": "1976-04-11"
    },
    {
      "id": "1da579b4-9987-4067-9a1d-546e3a382813",
      "diseases": [
        "reproductive organ benign neoplasm",
        "paratesticular lipoma",
        "lipoma of spermatic cord"
      ],
      "description": "Labore voluptas ut aliquid voluptatem et unde quia qui. Laboriosam neque ex quo ab non hic et. Et asperiores eius aspernatur est natus. Suscipit iusto doloribus doloremque. Ut quaerat aspernatur libero expedita.",
      "name": "Ritalin",
      "released": "2014-03-11"
    },
    {
      "id": "9bad5985-9afe-4a4a-81e3-fb0e01dd376a",
      "diseases": [
        "musculoskeletal system disease",
        "connective tissue disease",
        "frozen shoulder"
      ],
      "description": "Qui doloremque nesciunt aliquam ut. Iste corporis libero a suscipit repudiandae similique odit qui. Praesentium excepturi id eveniet et voluptas.",
      "name": "Zmax",
      "released": "2010-07-16"
    },
    {
      "id": "1aa21d3d-3cdb-40d0-9501-ef1b8118bf5f",
      "diseases": [
        "cranial nerve neoplasm",
        "trigeminal nerve neoplasm",
        "neurilemmoma of the fifth cranial nerve"
      ],
      "description": "Ut voluptatem minus omnis eveniet dolore vitae at similique reiciendis. Vel id et eum dolore. Ipsum voluptatem aut repellendus enim ut vel magnam esse. Fugit ex quo assumenda aut maxime laudantium. Autem et sint temporibus provident nulla impedit alias.",
      "name": "Fluconazole",
      "released": "1984-11-07"
    },
    {
      "id": "7f260276-4e5a-474f-8ae6-060667bea995",
      "diseases": [
        "eye and adnexa disease",
        "eye disease",
        "Marfan syndrome"
      ],
      "description": "Dolor ea aut veritatis amet. Occaecati est excepturi suscipit optio. Consequatur quo repellendus necessitatibus ab. Neque exercitationem voluptatem et.",
      "name": "HepatAmine",
      "released": "2012-07-14"
    },
    {
      "id": "b6166c43-4610-482d-ae43-320fa704283c",
      "diseases": [
        "ovarian disease",
        "ovarian cancer",
        "ovarian Wilms' cancer"
      ],
      "description": "Quo voluptatem voluptate asperiores architecto aut ad deleniti sit. Possimus eius qui excepturi voluptatem odit dolore non quia. Magnam laborum culpa quo. Sed vitae voluptatibus ipsa dolore.",
      "name": "Celontin",
      "released": "1975-12-24"
    },
    {
      "id": "9a835349-8f89-425a-ae24-877d33de7ef0",
      "diseases": [
        "squamous cell carcinoma",
        "cervical squamous cell carcinoma",
        "cervical keratinizing squamous cell carcinoma"
      ],
      "description": "Illo animi consequuntur ea vel suscipit vel omnis. Fugit aut itaque aut. Qui facilis tenetur deleniti ut dolor dolorem molestiae. Perspiciatis consequatur voluptatem nulla omnis porro sed tempora.",
      "name": "Chloroprocaine",
      "released": "2007-10-09"
    },
    {
      "id": "99a11fd0-a597-4ec7-9e46-85f4949fc509",
      "diseases": [
        "dysostosis",
        "synostosis",
        "calcaneonavicular coalition"
      ],
      "description": "Ullam non eum et. Consequatur distinctio quaerat voluptas dolorem sit quasi temporibus saepe. Neque aut pariatur. Sequi vel aspernatur debitis saepe delectus ut quia. Veniam voluptates qui vel. Officia tenetur ipsa aut.",
      "name": "Proventil HFA",
      "released": "1974-03-24"
    },
    {
      "id": "332a826f-64ec-4763-b718-a4b95cd45949",
      "diseases": [
        "carcinoma",
        "squamous cell carcinoma",
        "Bartholin's gland squamous cell carcinoma"
      ],
      "description": "Quia aliquid laboriosam voluptas. Nulla quia qui excepturi quasi enim non incidunt. Dolor id qui possimus quasi. Tempore libero ipsum sequi rerum. Dolores voluptate voluptates expedita sint omnis voluptatem saepe. Magnam corporis voluptatibus eveniet ipsam.",
      "name": "Levaquin",
      "released": "2004-12-25"
    },
    {
      "id": "de1ceeed-f05b-4f66-8f4f-66294cfa0554",
      "diseases": [
        "intrinsic cardiomyopathy",
        "dilated cardiomyopathy",
        "dilated cardiomyopathy 2A"
      ],
      "description": "Aspernatur quia eaque aut aut voluptatem dolor esse. Quisquam rerum alias ipsum. In qui dicta necessitatibus fugit id. Molestias voluptas aut id animi quis laudantium omnis.",
      "name": "Parnate",
      "released": "1970-04-29"
    },
    {
      "id": "e6080e51-c3f0-4e55-855e-e8b6bbe99853",
      "diseases": [
        "primary immunodeficiency disease",
        "complement deficiency",
        "atypical hemolytic-uremic syndrome"
      ],
      "description": "Omnis ab veniam perferendis saepe. Ut tenetur et eligendi consectetur id officia illo est. Ad tempore esse molestiae beatae et quod nisi ut.",
      "name": "Trexall",
      "released": "2006-11-21"
    },
    {
      "id": "af9375f9-025f-4679-9ef1-87e003c30c68",
      "diseases": [
        "carcinoma",
        "bile duct carcinoma",
        "distal biliary tract carcinoma"
      ],
      "description": "Ut quam tempora qui molestiae cum repellendus nihil autem. Sunt tenetur praesentium harum. Fuga rerum libero neque aperiam quas quos sit non. Qui placeat qui ipsum ipsam. Odit minima exercitationem ea impedit suscipit eveniet.",
      "name": "Cetrotide",
      "released": "1982-06-15"
    },
    {
      "id": "bb423e6b-20cf-47eb-92d6-441aa489ee6a",
      "diseases": [
        "vulva cancer",
        "labia minora cancer",
        "labia minora carcinoma"
      ],
      "description": "Quibusdam omnis ratione totam. Maxime molestiae reiciendis qui maiores. Aut id id aut. Doloremque facere modi ipsum illum magnam eligendi.",
      "name": "Fludarabine Phosphate",
      "released": "2006-04-27"
    },
    {
      "id": "0f40241c-affb-4a11-9dde-56aca970c56b",
      "diseases": [
        "cutaneous mycosis",
        "dermatomycosis",
        "eumycotic mycetoma"
      ],
      "description": "Soluta qui ex consequatur. Quis earum facilis ea unde nobis fugit quo. Sint culpa et quia error veniam omnis ut eos. Molestiae repudiandae enim fuga repellat quasi excepturi totam dolorem in. Velit aut sed et numquam et aut. Cupiditate non facilis nihil aut necessitatibus culpa.",
      "name": "Digoxin Immune Fab",
      "released": "1996-08-26"
    },
    {
      "id": "685c0f3d-7bca-4e79-bd98-16144b4e260f",
      "diseases": [
        "central nervous system cancer",
        "brain cancer",
        "cerebral neuroblastoma"
      ],
      "description": "Provident ea quae quia eius quia similique. Ut culpa dolorum et non earum non error deserunt. Consequatur deserunt quia numquam esse facere debitis rerum. Eum perspiciatis incidunt fuga mollitia itaque voluptates harum est.",
      "name": "Metformin Hcl",
      "released": "1999-01-03"
    },
    {
      "id": "7db6f20a-86af-4644-a3ef-274c2d8a399d",
      "diseases": [
        "salivary gland disease",
        "salivary gland cancer",
        "pleomorphic adenoma carcinoma"
      ],
      "description": "Quia vitae officia occaecati. Non quia ea dicta. Voluptatem quaerat aliquam ea voluptate.",
      "name": "Foscavir",
      "released": "2007-10-01"
    },
    {
      "id": "213a17aa-9fb0-4d3d-a9ab-52e9d9338c0a",
      "diseases": [
        "malignant ovarian germ cell neoplasm",
        "ovarian primitive germ cell tumor",
        "non-gestational ovarian choriocarcinoma"
      ],
      "description": "Distinctio dolores libero. Aut exercitationem facilis eum facere enim quisquam reprehenderit eos. Dolor ut nulla esse in ea sint accusantium soluta sit. Quis laudantium eligendi ducimus. Officia necessitatibus sequi tempora sequi et cumque et. Qui ipsam quia perspiciatis magni nihil quae est.",
      "name": "Methohexital Sodium",
      "released": "2011-01-07"
    },
    {
      "id": "fac50eb6-3a18-4f10-8b59-77118a723aff",
      "diseases": [
        "Usher syndrome",
        "Usher syndrome type 1",
        "Usher syndrome type 1D"
      ],
      "description": "Odit aut quia expedita quidem exercitationem eos et. Et quisquam modi dolorem. Quas dicta eligendi quo magni. Et minima doloribus dolorem esse animi placeat.",
      "name": "Lexxel",
      "released": "2007-10-02"
    },
    {
      "id": "36ef24fe-c343-49ba-8f6f-b62d47730545",
      "diseases": [
        "central nervous system cancer",
        "brain cancer",
        "childhood central nervous system mixed germ cell tumor"
      ],
      "description": "Sequi nobis blanditiis ea dolor perspiciatis fuga quia ipsam. Voluptatem quia est voluptatem eum qui quos dolorem. Ipsa vero est quam earum praesentium optio. Dolorem aut dolores ullam perferendis quo est. Harum consequatur harum praesentium perferendis suscipit ut libero quas voluptas.",
      "name": "Parnate",
      "released": "1992-05-13"
    },
    {
      "id": "947e56a2-a8ea-4978-8111-f5e985e79bac",
      "diseases": [
        "autosomal genetic disease",
        "autosomal recessive disease",
        "amelogenesis imperfecta type 1H"
      ],
      "description": "Mollitia dolorem alias quasi sint corporis. Vel dolore ut. Quas perferendis qui sequi. Ex architecto temporibus delectus enim vel voluptatibus.",
      "name": "Loperamide Hcl",
      "released": "1982-03-30"
    },
    {
      "id": "7955f42f-70e4-4bd4-9d43-04cbc3b88d04",
      "diseases": [
        "female reproductive system disease",
        "uterine disease",
        "hemometra"
      ],
      "description": "Dolore sed et animi. Omnis ut expedita aut iusto. Qui dolorem autem non sit. Aspernatur nostrum tempore nisi voluptas. Eaque autem ex quia.",
      "name": "Busulfex",
      "released": "1992-07-19"
    },
    {
      "id": "f388d6e4-f91b-4423-9fc6-624719376e5b",
      "diseases": [
        "carcinoma",
        "adenocarcinoma",
        "lung combined type small cell adenocarcinoma"
      ],
      "description": "Eum aliquam maxime delectus. Quia molestiae quos reiciendis eligendi rem et minus vero. Accusantium et ipsa ipsum. Ut voluptas eius. Alias sint voluptas ullam aut non cum aliquid delectus eos.",
      "name": "Trimethoprim",
      "released": "1973-03-24"
    },
    {
      "id": "5cc2ad8a-f807-40c3-8ddb-a0ca8299d255",
      "diseases": [
        "vascular disease",
        "hepatic vascular disease",
        "hepatic veno-occlusive disease"
      ],
      "description": "Consequatur quisquam omnis id eum voluptates quidem corporis. Similique quis facere dignissimos. Magnam veritatis magnam inventore architecto qui odit praesentium sint fuga. Eius incidunt aut excepturi. Quae consequatur tempore eos laborum et officiis.",
      "name": "Protein C Concentrate",
      "released": "1978-11-18"
    },
    {
      "id": "76cebd01-f8b0-40e7-b230-7b03e1091075",
      "diseases": [
        "bone marrow cancer",
        "myeloid neoplasm",
        "myelofibrosis"
      ],
      "description": "Et qui vel voluptas iusto culpa sunt aut temporibus. Est hic ut sint occaecati sit eaque esse amet in. Facilis blanditiis ea ipsa ad voluptate nemo quod. Aperiam ullam beatae fugit aspernatur placeat quidem debitis exercitationem.",
      "name": "Vioxx",
      "released": "1985-02-04"
    },
    {
      "id": "3cb95773-f408-41ba-bfde-85a898ec7aef",
      "diseases": [
        "carcinoma",
        "malignant ependymoma",
        "pediatric ependymoma"
      ],
      "description": "Praesentium soluta ut quis architecto vitae a. Quia consequuntur similique quam. Id sed architecto maiores quas consequuntur esse sint.",
      "name": "Edrophonium",
      "released": "1998-08-11"
    },
    {
      "id": "070dcd33-7926-4d2d-ae18-9169f17794e5",
      "diseases": [
        "Usher syndrome",
        "Usher syndrome type 1",
        "Usher syndrome type 1C"
      ],
      "description": "Enim doloremque ducimus. Earum eius repellat rem facere. Nisi qui beatae qui cupiditate a quia sapiente nulla odit. Voluptas sunt corrupti id omnis ducimus aut asperiores. Minus doloribus corrupti totam odio.",
      "name": "Haloperidol",
      "released": "1981-02-20"
    },
    {
      "id": "55c22649-fa54-4653-a4fe-e6ad13ce7880",
      "diseases": [
        "thymus cancer",
        "thymoma",
        "noninvasive malignant thymoma"
      ],
      "description": "Omnis repudiandae fugit voluptate. Perferendis quaerat omnis in. At dolores repellendus rem qui cum sint.",
      "name": "Sevoflurane",
      "released": "2004-08-02"
    },
    {
      "id": "952a506a-f272-4bce-86ef-1a4a89875516",
      "diseases": [
        "anemia",
        "neonatal anemia",
        "kernicterus due to isoimmunization"
      ],
      "description": "Reiciendis eius quos nihil et officia molestiae. Eaque quia sint ab velit aut reiciendis iusto. Est maiores ad labore at minus minima in sunt.",
      "name": "Elaprase",
      "released": "2005-08-29"
    },
    {
      "id": "8664adc3-b7b6-47a6-946b-c113dce7b817",
      "diseases": [
        "syndromic intellectual disability",
        "syndromic X-linked intellectual disability",
        "syndromic X-linked intellectual disability Turner type"
      ],
      "description": "Rerum officia voluptatem vel fugiat velit laudantium delectus aspernatur. Iusto error est consequatur. Praesentium soluta est nihil quas officiis. Perferendis quos sunt eum amet corporis.",
      "name": "Dynacirc",
      "released": "1994-02-11"
    },
    {
      "id": "306af684-0b60-4759-b4a2-3b6473661d87",
      "diseases": [
        "breast disease",
        "microglandular adenosis",
        "blunt duct adenosis of breast"
      ],
      "description": "Nisi eos maxime esse assumenda possimus adipisci optio. Quibusdam ut et consequatur sapiente. Illo non dignissimos sint quia quam. Reiciendis aut ut eius quidem quibusdam. Hic quos itaque nesciunt dolorem necessitatibus adipisci.",
      "name": "Topicort",
      "released": "1994-11-26"
    },
    {
      "id": "9c757f38-ae02-4759-b7b9-fa0fc0372782",
      "diseases": [
        "autosomal genetic disease",
        "autosomal dominant disease",
        "Costello syndrome"
      ],
      "description": "Sapiente iure reiciendis in eaque aut. Eos quia reiciendis veniam velit laborum alias. Sed quia tenetur esse esse quam praesentium neque alias.",
      "name": "Aci-Jel",
      "released": "2012-05-15"
    },
    {
      "id": "4a8c7c41-d95c-4d1e-851b-0e1faea08938",
      "diseases": [
        "central nervous system cancer",
        "brain cancer",
        "childhood central nervous system mixed germ cell tumor"
      ],
      "description": "Quibusdam quisquam et quibusdam autem eius doloribus. In ut architecto dolores est iste accusamus fugit adipisci aut. Sint cumque velit beatae consequatur corporis.",
      "name": "Valganciclovir Hcl",
      "released": "1994-05-03"
    },
    {
      "id": "5d44661b-e966-4823-9f79-1d5b9ca13cb9",
      "diseases": [
        "lipid storage disease",
        "lysosomal and lipase deficiency",
        "cholesterol ester storage disease"
      ],
      "description": "Cum ut rerum aspernatur eum vero. Aut praesentium excepturi hic iure autem adipisci et. Fugit adipisci quod est quas. Et odio voluptatem totam ea possimus natus vero odio. Quisquam nam dolor officia.",
      "name": "Vasovist",
      "released": "1986-12-11"
    },
    {
      "id": "53f5666b-cc93-4e21-943b-fa0e28388382",
      "diseases": [
        "vascular disease",
        "cerebrovascular disease",
        "occlusion precerebral artery"
      ],
      "description": "Aut quisquam praesentium unde voluptatum. Fuga unde omnis id ab repellendus in accusantium facere. Ipsa sit id labore reprehenderit voluptatem ipsa quos mollitia rem. Eos aspernatur ratione beatae laboriosam dicta rerum commodi. Quidem quaerat numquam animi maxime exercitationem doloremque. Et rerum maiores dicta esse.",
      "name": "Atripla",
      "released": "2008-07-11"
    },
    {
      "id": "d9bbc34d-27cf-41b4-97dc-96e9a445e78e",
      "diseases": [
        "autosomal genetic disease",
        "autosomal recessive disease",
        "cartilage-hair hypoplasia"
      ],
      "description": "Laboriosam voluptas voluptas qui quisquam animi. Non ut et molestias. Vel et illo. Architecto esse qui. Illum ut sequi saepe nobis minus quis. Atque est et voluptatem voluptatem laborum omnis et beatae.",
      "name": "Perflutren",
      "released": "2013-08-19"
    },
    {
      "id": "e0fbf418-1477-4316-a994-aa0a564166f8",
      "diseases": [
        "sarcoma",
        "rectum sarcoma",
        "rectum rhabdomyosarcoma"
      ],
      "description": "Dicta repellendus sint est aliquam voluptas aperiam. Ipsa placeat et perferendis qui consequuntur est. Et non excepturi est est unde enim quia numquam ipsum. Libero eum omnis et nihil ut consequatur dolor autem assumenda. Iste qui accusamus adipisci quasi aut voluptas et beatae.",
      "name": "Micronase",
      "released": "1999-07-18"
    },
    {
      "id": "04cd760a-92f3-4f95-b14f-7f4fc51348d2",
      "diseases": [
        "Usher syndrome",
        "Usher syndrome type 2",
        "Usher syndrome type 2D"
      ],
      "description": "Quo laborum tempora voluptas qui. Ut similique vel illo et cum et saepe. Dicta velit et. Quod nulla esse consequatur perferendis. Commodi dignissimos at eligendi.",
      "name": "Gleevec",
      "released": "2003-07-29"
    },
    {
      "id": "19b0e709-f844-459d-9d39-65d8edc22f7a",
      "diseases": [
        "peripheral nervous system neoplasm",
        "peripheral nerve sheath neoplasm",
        "neurofibroma"
      ],
      "description": "At quo rerum unde. Aliquid quia aperiam repellat recusandae doloremque et voluptas. Aliquid rerum qui iste minima nemo ratione laboriosam nihil. Sint dolores iusto ipsam non ut corporis necessitatibus ut.",
      "name": "Mestinon",
      "released": "1970-03-04"
    },
    {
      "id": "5af43122-791d-4ef9-ab57-c98675943471",
      "diseases": [
        "eye disease",
        "lacrimal apparatus disease",
        "primary lacrimal atrophy"
      ],
      "description": "Est dolorem non qui enim totam qui laboriosam ut expedita. Facilis laborum tempora. Quae perferendis autem enim.",
      "name": "Entereg",
      "released": "1983-10-23"
    },
    {
      "id": "8573cdc3-6fa4-4f85-916e-b1c95f610890",
      "diseases": [
        "inherited metabolic disorder",
        "amino acid metabolic disorder",
        "carbamoyl phosphate synthetase I deficiency disease"
      ],
      "description": "Voluptatem molestias qui pariatur earum ullam nemo suscipit beatae. Molestiae rerum nihil explicabo libero. Et aliquam illo. Doloremque impedit tempora aperiam laborum et est praesentium. Assumenda beatae cumque eius aut eum sit fugit nihil.",
      "name": "Naltrexone",
      "released": "1986-01-03"
    },
    {
      "id": "8c38961f-672e-49de-bbfc-7b275cf7b6e6",
      "diseases": [
        "auditory system disease",
        "inner ear disease",
        "motion sickness"
      ],
      "description": "Vel non est. Fugiat iure illo aut. Ex doloribus omnis nemo non dolorum.",
      "name": "Kinlytic",
      "released": "1994-05-12"
    },
    {
      "id": "124b0922-a8f5-456c-842d-c8ab374ac4b0",
      "diseases": [
        "chromosomal disease",
        "chromosomal deletion syndrome",
        "chromosome 16p12.2-p11.2 deletion syndrome"
      ],
      "description": "Iure animi harum neque aliquid quis ut nihil. Unde delectus et magni rerum placeat. Dolorem sit et neque tempora. Itaque voluptatem quidem magni. Alias eius et harum voluptas. Deserunt iste voluptatem magnam aut porro ex.",
      "name": "Renese",
      "released": "1978-05-06"
    },
    {
      "id": "5b680d5c-5923-479f-b6e9-e27f9de5d2a0",
      "diseases": [
        "autosomal genetic disease",
        "autosomal recessive disease",
        "beta-ketothiolase deficiency"
      ],
      "description": "Eos dolor tempore iure. Veniam error laboriosam recusandae repudiandae provident. Sed reprehenderit sapiente unde rerum sunt fugit dolorum velit.",
      "name": "Human Secretin",
      "released": "2004-08-04"
    },
    {
      "id": "64da0ad2-1aae-4cc9-9e8f-13e7508f0814",
      "diseases": [
        "vascular disease",
        "retinal vascular disease",
        "exudative vitreoretinopathy"
      ],
      "description": "Repellendus quidem minima ratione corporis. Molestias eaque soluta facilis in qui et cum. Vitae quod non sit exercitationem modi et facilis adipisci. Recusandae et omnis qui delectus voluptatum soluta illo ratione aspernatur. Architecto enim rem cum.",
      "name": "Micronized Glyburide",
      "released": "2004-10-22"
    },
    {
      "id": "f201d394-cec5-4599-816d-5c0b6d9b0e29",
      "diseases": [
        "central nervous system cancer",
        "cranial nerve neoplasm",
        "vagus nerve neoplasm"
      ],
      "description": "Enim atque iure qui. At dolorem distinctio qui ut. Vero ea nihil maxime eos aperiam doloribus minus iure ut. Dolorem sit facilis assumenda. Harum magnam veritatis quos quae earum.",
      "name": "Claritin",
      "released": "2001-03-15"
    },
    {
      "id": "7aa75baa-4829-4817-8d29-146782a95345",
      "diseases": [
        "autoimmune disease of the nervous system",
        "autoimmune disease of peripheral nervous system",
        "autoimmune peripheral neuropathy"
      ],
      "description": "Quas error quia deserunt delectus in repellat. Placeat itaque deleniti quod voluptatibus pariatur rem sequi nulla. Doloribus error error et laborum.",
      "name": "ProHance",
      "released": "1982-10-08"
    },
    {
      "id": "2f53f79c-70c2-4947-bed8-3459a719fd92",
      "diseases": [
        "intrinsic cardiomyopathy",
        "dilated cardiomyopathy",
        "dilated cardiomyopathy 1EE"
      ],
      "description": "Maiores dolore inventore asperiores et dolorem. Corporis dignissimos eos ipsum culpa. Molestiae magnam natus nam odit labore dicta et. Quidem reiciendis impedit quo omnis placeat velit. Porro minus id ipsam aut nam sit.",
      "name": "Ethiodol",
      "released": "1979-12-01"
    },
    {
      "id": "2bd0e978-a2a2-4630-b396-ad0e72c19bbf",
      "diseases": [
        "cell type cancer",
        "carcinoma",
        "middle ear carcinoma"
      ],
      "description": "Mollitia hic quas aut molestiae iure facilis suscipit. Ad aspernatur aut magni perferendis deserunt qui. Quae natus quo blanditiis qui rerum.",
      "name": "Curosurf",
      "released": "1996-08-16"
    },
    {
      "id": "4bde9ce0-85ed-4e67-b572-6d68001e8503",
      "diseases": [
        "bacterial infectious disease",
        "primary bacterial infectious disease",
        "Mycobacterium avium complex disease"
      ],
      "description": "Consectetur nihil doloribus fuga exercitationem voluptate laborum cum repudiandae eaque. Et modi quisquam et qui aut sit. Architecto nulla dicta aut illo.",
      "name": "Aldactazide",
      "released": "1982-04-01"
    },
    {
      "id": "0b118ca7-0952-4e5b-835b-68468101d6a8",
      "diseases": [
        "arthropathy",
        "spondyloarthropathy",
        "Kummell's disease"
      ],
      "description": "Sapiente nihil modi excepturi in. Et quo ipsum veritatis optio. Quidem recusandae distinctio beatae repellendus et est eligendi. Qui laboriosam ab omnis. Nesciunt reiciendis dolores in autem perferendis aut.",
      "name": "Geocillin",
      "released": "1974-10-16"
    },
    {
      "id": "3815e182-ec04-45da-ad17-d20510bcef14",
      "diseases": [
        "uterine disease",
        "cervix disease",
        "hypertrophic elongation of cervix"
      ],
      "description": "Animi debitis harum magnam in. Ipsa numquam qui ullam voluptatem. Voluptates saepe ut et. Voluptas aut id repellendus veniam quas ipsam in facere. Autem autem facere explicabo voluptate.",
      "name": "Econazole Nitrate",
      "released": "1990-06-16"
    },
    {
      "id": "57fa80d9-6d3b-40fb-a217-61cd0d3eab5b",
      "diseases": [
        "central nervous system cancer",
        "central nervous system melanocytic neoplasm",
        "meningeal melanocytoma"
      ],
      "description": "In sunt deserunt laudantium. Est ut occaecati consequuntur aliquid sapiente fugit culpa et. Laboriosam minus consequatur voluptatem deleniti aut porro. Exercitationem quibusdam temporibus amet quas laborum labore et tenetur. Et est libero qui dolores cupiditate temporibus. Consequatur eius iste quaerat et.",
      "name": "Nizatidine",
      "released": "2004-03-03"
    },
    {
      "id": "fd91d464-49d2-4298-b044-5e3e0d8973a0",
      "diseases": [
        "spleen cancer",
        "splenic manifestation of leukemia",
        "splenic manifestation of prolymphocytic leukemia"
      ],
      "description": "Qui ut earum ad sed id aut ut deserunt. Rerum ut deleniti quia perferendis omnis unde officiis. Quidem et itaque et sed reprehenderit quo.",
      "name": "Cefixime",
      "released": "2001-10-09"
    },
    {
      "id": "8d0f213b-31dd-4d68-8c47-f937884eccbb",
      "diseases": [
        "neuromuscular disease",
        "neuromuscular junction disease",
        "Lambert-Eaton myasthenic syndrome"
      ],
      "description": "Omnis reiciendis maiores ullam sed. Unde modi facilis rem eum qui sequi. Nesciunt et assumenda. Cum non numquam. Rem et inventore voluptatem. Quas recusandae corporis labore ut delectus voluptatem perspiciatis.",
      "name": "Thiethylperazine",
      "released": "1977-01-05"
    },
    {
      "id": "b4ff1173-67db-4d76-ab07-34c655aafe6a",
      "diseases": [
        "dystonia",
        "focal dystonia",
        "spasmodic dystonia"
      ],
      "description": "Numquam ducimus rerum minus sunt voluptatem et exercitationem. Impedit laudantium doloribus voluptates nam. Est illum animi itaque enim cupiditate sunt qui. Accusantium velit quae quaerat vel perspiciatis fugiat aliquid consequuntur. Rerum voluptatum qui dolorem inventore tempora aut reprehenderit.",
      "name": "Palifermin",
      "released": "1993-02-22"
    },
    {
      "id": "240db2de-effe-4cb1-aef6-414284e38518",
      "diseases": [
        "autosomal dominant disease",
        "Waardenburg's syndrome",
        "Waardenburg syndrome type 2A"
      ],
      "description": "Eum ea culpa sit quasi perspiciatis ea illum. Ipsum nulla rerum commodi quaerat. Adipisci dolor tempore nihil. Nihil et in iste iusto sit debitis eligendi error. Quis esse enim hic sunt numquam tenetur.",
      "name": "Bromocriptine Mesylate",
      "released": "2007-10-17"
    },
    {
      "id": "4170117f-bd5d-4c7e-ac9f-88248287d63a",
      "diseases": [
        "skin disease",
        "chronic ulcer of skin",
        "decubitus ulcer"
      ],
      "description": "Quia provident delectus sint omnis dolorum est. Molestiae libero tempora ipsum quaerat et. Aperiam quia ea possimus aliquid. Non odio rerum voluptatibus voluptatem libero et maiores.",
      "name": "Streptokinase",
      "released": "1992-09-25"
    },
    {
      "id": "dba83b9c-962a-4248-8fe5-d696f0629c3f",
      "diseases": [
        "lung disease",
        "pneumonia",
        "toxic pneumonitis"
      ],
      "description": "Nulla excepturi enim enim inventore inventore. Minus eligendi quasi odio dolorem et architecto beatae. Aut eaque delectus quisquam voluptatem quia doloremque exercitationem est. Officiis eaque itaque incidunt quas sequi magni sed aut ipsa. Numquam blanditiis voluptatem dicta nesciunt cupiditate nam.",
      "name": "Fludara",
      "released": "1997-11-05"
    },
    {
      "id": "4792e4a0-fbd6-4779-bd65-ef51703edb1d",
      "diseases": [
        "bacterial infectious disease",
        "opportunistic bacterial infectious disease",
        "nocardiosis"
      ],
      "description": "Id sequi pariatur recusandae voluptate ducimus suscipit dolorum corporis. Nihil repellendus alias ipsum itaque. Dolor quia possimus molestiae fuga possimus eos laudantium tenetur molestiae.",
      "name": "Emcyt",
      "released": "2004-12-08"
    },
    {
      "id": "6608b4d7-05ba-4969-bdaa-bbc820016fc2",
      "diseases": [
        "sweat gland neoplasm",
        "apocrine sweat gland neoplasm",
        "hidrocystoma"
      ],
      "description": "Omnis ipsum amet vel et nam. Nesciunt aliquid delectus cupiditate laborum laudantium. Enim unde exercitationem deleniti pariatur consequatur nobis a sed. Aut quasi numquam aut sit accusantium illo vel facilis. Nihil qui voluptate tenetur. Dolores sint reprehenderit numquam architecto omnis.",
      "name": "Exjade",
      "released": "1994-12-06"
    },
    {
      "id": "67fd9651-7ebf-460f-9274-a99226b2a3e0",
      "diseases": [
        "spinal cord disease",
        "spinal cancer",
        "childhood spinal cord tumor"
      ],
      "description": "Maxime commodi est dolore harum laboriosam. Voluptatum molestiae saepe eum ut. Officiis non eaque corrupti recusandae dolorem. Aut ipsa magnam. Omnis pariatur id nostrum qui nostrum.",
      "name": "Noctec",
      "released": "2001-03-11"
    },
    {
      "id": "a326142b-304d-4570-b98a-4070e753d17b",
      "diseases": [
        "bone marrow cancer",
        "myeloid neoplasm",
        "myelofibrosis"
      ],
      "description": "A qui dignissimos eum illo. Omnis molestiae id corporis voluptas consequatur iusto omnis. Eos exercitationem facilis culpa natus aut iusto cum. Ut quos voluptatem sint eaque ut.",
      "name": "Betimol",
      "released": "1986-08-22"
    },
    {
      "id": "c6ec9a4a-e3ac-4357-a1b3-5b147c82724b",
      "diseases": [
        "stomach disease",
        "hiatus hernia",
        "displacement of cardia through esophageal hiatus"
      ],
      "description": "Magni unde fuga et. Nobis quos doloremque commodi perspiciatis neque. Autem quos expedita molestias expedita iure. Modi reprehenderit atque iusto laboriosam et sunt consequatur sed. Qui aut quaerat sequi maxime.",
      "name": "Calcium Gluconate",
      "released": "2005-06-27"
    },
    {
      "id": "f48e9290-5b74-4282-a21f-30a1b60ff823",
      "diseases": [
        "gastrointestinal system disease",
        "esophageal atresia/tracheoesophageal fistula"
      ],
      "description": "Quos officia ut eius rerum. Libero incidunt et asperiores dolorem blanditiis accusantium molestias tempore sapiente. Reiciendis consequatur at fugiat veritatis veritatis fuga autem. Iusto modi suscipit vel consequatur accusantium nostrum perspiciatis odio. Dolorem officia temporibus reprehenderit.",
      "name": "Mobic",
      "released": "1989-02-03"
    },
    {
      "id": "b46fdc24-f34f-4dfb-8433-a22d408628c9",
      "diseases": [
        "gangliosidosis",
        "gangliosidosis GM2",
        "Tay-Sachs disease"
      ],
      "description": "Saepe qui non voluptate. Corrupti vel assumenda minima vero. Quo fugiat officia voluptatem consequatur fugiat. Quaerat vero omnis magnam. Facilis debitis cum.",
      "name": "Silenor",
      "released": "1981-04-13"
    },
    {
      "id": "d62b1aeb-ede0-4dee-aae6-ed5f94c0e98a",
      "diseases": [
        "uterine disease",
        "cervix disease",
        "cervix erosion"
      ],
      "description": "Est ut ullam ea et iusto quia qui. Est vitae quam aliquam soluta omnis quos et. Sint omnis omnis iusto ducimus libero ea nihil.",
      "name": "Gonadorelin",
      "released": "1982-06-21"
    },
    {
      "id": "3115e208-dace-4b29-842f-7e4750bfd40f",
      "diseases": [
        "thoracic benign neoplasm",
        "breast benign neoplasm",
        "breast fibroadenoma"
      ],
      "description": "Molestiae quisquam est maiores. Quibusdam soluta delectus dignissimos possimus. Accusamus magnam est similique nostrum porro qui.",
      "name": "Ultiva",
      "released": "1994-04-15"
    },
    {
      "id": "3f62bf48-505e-465f-8134-06ff11906e92",
      "diseases": [
        "bladder disease",
        "urinary bladder cancer",
        "urinary bladder anterior wall cancer"
      ],
      "description": "Eum eaque provident est. Temporibus ad impedit blanditiis quis eaque. Et ut dolorum enim quibusdam fugiat sit voluptatem. Aut dignissimos sit molestiae aperiam excepturi. Eveniet commodi modi accusantium atque. Fuga dignissimos rerum quia.",
      "name": "Daraprim",
      "released": "1985-01-21"
    },
    {
      "id": "e58970ce-5c73-4c2b-8f1a-538998bc19de",
      "diseases": [
        "skin disease",
        "sebaceous gland disease",
        "follicular mucinosis"
      ],
      "description": "Neque delectus harum minima. Molestiae cumque cum animi dolor velit repellat. Officiis dolore consequatur eveniet minima. Consequatur quis fugit est in nulla quos voluptatem.",
      "name": "Promethazine Hydrochloride",
      "released": "1972-10-20"
    },
    {
      "id": "30d79f57-e21e-4b81-9c35-2b939530688d",
      "diseases": [
        "female reproductive organ benign neoplasm",
        "uterine benign neoplasm",
        "endometrial stromal nodule"
      ],
      "description": "Ipsam ad nemo cumque sint qui tenetur. Ratione enim eos vitae explicabo nihil. Quia id eveniet. Molestiae itaque magni sit quo omnis fugit.",
      "name": "Factor IX Complex",
      "released": "2012-05-12"
    },
    {
      "id": "9e63d3b4-2f6b-467c-9860-015ed225a16a",
      "diseases": [
        "adenocarcinoma",
        "follicular thyroid carcinoma",
        "thyroid medullary carcinoma"
      ],
      "description": "Eveniet enim a at libero. Suscipit fugit voluptatem odio quia tenetur non repellendus itaque. Aliquid provident rerum minus ex cum rerum. Expedita fugiat quidem nulla.",
      "name": "Myobloc",
      "released": "1971-02-24"
    },
    {
      "id": "0d42de01-9380-4df1-a54b-5d667cedd85b",
      "diseases": [
        "non-suppurative otitis media",
        "eustachian tube disease",
        "otosalpingitis"
      ],
      "description": "Deserunt placeat adipisci soluta deleniti in amet ea sint ipsa. Voluptate incidunt et doloremque totam eos inventore. Animi quis voluptatem qui sit sunt eveniet blanditiis quas quisquam.",
      "name": "Rapamune",
      "released": "1999-04-28"
    },
    {
      "id": "b94452b8-d318-4002-959a-7364f1bde821",
      "diseases": [
        "reproductive organ benign neoplasm",
        "paratesticular lipoma",
        "lipoma of spermatic cord"
      ],
      "description": "Sed dicta aut. Qui id nobis similique neque fuga ut. Quia praesentium voluptatibus quasi numquam ratione molestiae velit explicabo. Iusto earum ex suscipit porro. Illo dolor voluptatem magni vel ut voluptatem.",
      "name": "Loxitane",
      "released": "1999-04-01"
    },
    {
      "id": "54471791-05c6-4480-808f-8f48f17454af",
      "diseases": [
        "musculoskeletal system disease",
        "connective tissue disease",
        "frozen shoulder"
      ],
      "description": "Consequatur ullam omnis officiis quibusdam odio fugit quia vel. Est nam eligendi consequuntur nobis deleniti dolores nulla quia. Et est laboriosam qui qui. Aspernatur quidem ut quaerat eveniet non quisquam vel. Dignissimos quidem minus nihil enim dicta et unde consequatur.",
      "name": "Clobetasol Propionate",
      "released": "1990-09-12"
    },
    {
      "id": "11a617af-14ea-4779-b455-057b41909163",
      "diseases": [
        "malignant ovarian germ cell neoplasm",
        "ovarian primitive germ cell tumor",
        "non-gestational ovarian choriocarcinoma"
      ],
      "description": "Nulla atque amet ratione expedita soluta hic earum. Voluptatem neque numquam occaecati velit commodi ipsum nobis voluptas. Harum incidunt maxime velit debitis. Vitae vitae labore fugit debitis. Deleniti velit nemo id dicta harum.",
      "name": "Acamprosate Calcium",
      "released": "2009-07-09"
    },
    {
      "id": "4b0b9245-fe8e-4c11-8ed3-6001ef19d46e",
      "diseases": [
        "anemia",
        "microcytic anemia",
        "hypochromic microcytic anemia"
      ],
      "description": "Quas repudiandae accusantium et voluptas ut. Voluptas harum reiciendis molestiae harum. At dolor debitis corporis placeat. Dolore fuga laboriosam quo dignissimos. Vel voluptas incidunt velit nostrum. Dignissimos quos dolores dolorum placeat consectetur ipsa rerum perspiciatis.",
      "name": "Photofrin",
      "released": "2006-02-20"
    },
    {
      "id": "4803b78a-aa2f-4280-a344-866306fff50e",
      "diseases": [
        "parasitic helminthiasis infectious disease",
        "filariasis",
        "loiasis"
      ],
      "description": "Voluptatem sint tempore illo error. Voluptatem mollitia eos ullam explicabo et nulla. Doloremque reiciendis fugit cumque qui iste ducimus error commodi. Non velit provident.",
      "name": "Mycophenolic Acid",
      "released": "1977-11-12"
    },
    {
      "id": "31f2ecab-78f7-43a5-83ed-bccc87977296",
      "diseases": [
        "uterine disease",
        "cervix disease",
        "cervix erosion"
      ],
      "description": "Explicabo eligendi tempore non temporibus enim sapiente dolor. Natus nostrum libero est nam iste quisquam saepe eos. Tenetur corrupti rem doloribus. Et laborum numquam consectetur qui atque. Sed dignissimos sed explicabo ea ducimus ut quaerat excepturi.",
      "name": "Estradiol",
      "released": "2008-02-28"
    },
    {
      "id": "82dea7b1-335e-4885-853c-ea43a1aa26a6",
      "diseases": [
        "bacterial infectious disease",
        "rheumatic fever"
      ],
      "description": "Ut sed sunt quidem et. Enim accusamus repudiandae et quos autem aliquam nisi neque. Assumenda fugit iusto iure veritatis numquam. Maxime quas odio consequuntur rem. Culpa recusandae quas harum quasi.",
      "name": "Gleevec",
      "released": "2007-11-15"
    },
    {
      "id": "64644c08-f03e-4344-a685-d3bd940654d5",
      "diseases": [
        "organic acidemia",
        "methylmalonic acidemia",
        "methylmalonic acidemia due to transcobalamin receptor defect"
      ],
      "description": "Ab earum vero natus. Occaecati rerum consectetur et illo debitis ut. Ea neque nesciunt quae deserunt qui quia. Hic repellendus animi pariatur est consequatur neque sapiente voluptatibus. Inventore nemo corrupti.",
      "name": "Erythrocin Stearate",
      "released": "1995-01-20"
    },
    {
      "id": "eed33925-89c8-4d55-97e9-e1b933a6d1a4",
      "diseases": [
        "carcinoma",
        "thymic carcinoma",
        "lymphoepithelioma-like thymic carcinoma"
      ],
      "description": "Eos quae reiciendis pariatur aut rerum. Sint voluptatum soluta unde enim facere id. Aliquam maiores est molestiae fuga expedita. Qui eum sint ut minus sequi quis aspernatur repellat. Voluptatem corporis praesentium quaerat laudantium quos et eius.",
      "name": "Clorazepate Dipotassium",
      "released": "1978-11-09"
    },
    {
      "id": "ca33ab0e-999c-442c-bcc1-426204282e72",
      "diseases": [
        "artery disease",
        "arteriosclerosis",
        "arteriolosclerosis"
      ],
      "description": "Error rerum veritatis eaque. Debitis esse doloribus quisquam autem est neque. Similique accusantium beatae fugit. Unde exercitationem velit. Inventore ducimus vitae sit ipsum.",
      "name": "Soma Compound",
      "released": "1990-06-28"
    },
    {
      "id": "b70a90c0-1458-4032-a00b-52bbb76d6ba5",
      "diseases": [
        "hematologic cancer",
        "lymphoma",
        "thymus lymphoma"
      ],
      "description": "Nihil natus cupiditate voluptas. Cupiditate molestiae quo porro. Blanditiis quam occaecati cum error. Dolores quia aperiam et corrupti aut veniam occaecati. Et magnam cum minima quisquam. Rerum quas et eligendi a.",
      "name": "Caverject",
      "released": "1994-04-24"
    },
    {
      "id": "b2bf21d6-eb6e-4771-8105-b45979d6d226",
      "diseases": [
        "skull cancer",
        "skull base cancer",
        "sella turcica neoplasm"
      ],
      "description": "Nulla omnis nesciunt unde sit molestias eveniet ab voluptatem quasi. Unde labore nostrum non officia molestiae distinctio dolorum reprehenderit. Non et placeat optio impedit fugiat. Ab quo pariatur nam possimus laboriosam voluptatibus.",
      "name": "Polidocanol",
      "released": "2006-05-30"
    },
    {
      "id": "f9e1eddb-8bc9-4c92-9818-75046747642b",
      "diseases": [
        "squamous cell carcinoma",
        "bladder squamous cell carcinoma",
        "bladder verrucous squamous cell carcinoma"
      ],
      "description": "Laudantium fugiat non vitae omnis molestiae. Similique corporis aut ratione. Quidem atque aut mollitia. Quod inventore architecto natus quia. Mollitia qui libero quod consequatur explicabo.",
      "name": "Geodon",
      "released": "2010-02-06"
    },
    {
      "id": "8d8e2ecc-0ed2-4474-9cb6-812d8636346a",
      "diseases": [
        "vulva carcinoma",
        "vulva adenocarcinoma",
        "vulval Paget's disease"
      ],
      "description": "Et fuga dolor hic aliquam nostrum at fugiat aspernatur. Qui sit sunt atque numquam iste. Fugiat ipsa est quia odio. Et magni quibusdam voluptatem culpa impedit ducimus aliquam.",
      "name": "Tysabri",
      "released": "1970-04-14"
    },
    {
      "id": "2fc2b0bb-7c27-46eb-a7f0-34dc531f6d1d",
      "diseases": [
        "organ system cancer",
        "hematologic cancer",
        "myeloid sarcoma"
      ],
      "description": "Ducimus eum cum veritatis voluptate excepturi et. Explicabo culpa amet aut explicabo ea. Ipsum recusandae illo quia aut omnis atque neque impedit. Adipisci sed nostrum exercitationem. Veniam qui sit. Veniam totam beatae quam aut quasi inventore.",
      "name": "Pazopanib",
      "released": "2013-08-20"
    },
    {
      "id": "a5d3f30f-9569-4ca0-b9fe-19e7151ab504",
      "diseases": [
        "paraplegia",
        "hereditary spastic paraplegia",
        "Mast syndrome"
      ],
      "description": "Aliquid beatae necessitatibus placeat maiores et earum aliquid ipsam. Nemo qui et quis repellat quia alias. Quia saepe non saepe rerum aut laudantium praesentium. Laborum hic a repudiandae adipisci quos qui ut aut. Saepe eos ut ducimus accusamus exercitationem exercitationem sit.",
      "name": "Thiethylperazine",
      "released": "1974-03-19"
    },
    {
      "id": "ed1f8684-d74f-46a1-9d8e-44a599511559",
      "diseases": [
        "primary immunodeficiency disease",
        "complement deficiency",
        "atypical hemolytic-uremic syndrome"
      ],
      "description": "Ut tempore illum quis iste quo in aut tempora quod. Et et quia quae. Et aperiam error earum qui maxime quia.",
      "name": "Daraprim",
      "released": "1997-11-15"
    },
    {
      "id": "5acf5a12-acc6-44d0-92fd-2d00ecb91df1",
      "diseases": [
        "colorectal cancer",
        "rectum cancer",
        "rectum sarcomatoid carcinoma"
      ],
      "description": "Voluptatum facere ullam corrupti perferendis est. Incidunt sed eum voluptatum similique molestiae deleniti. Et repellendus non officiis et nihil dignissimos. Consequuntur ut ut quisquam saepe sapiente numquam a. Ab nihil quam optio aliquid et corrupti.",
      "name": "Claritin",
      "released": "1988-01-02"
    },
    {
      "id": "aefbad00-4f5a-4b9d-906b-0eaf98d0dc69",
      "diseases": [
        "lung disease",
        "pneumonia",
        "idiopathic interstitial pneumonia"
      ],
      "description": "Quia quam quidem sapiente. Sequi a quos nisi cum sed quidem repudiandae. Aut nulla blanditiis aut facere neque error animi. Et deserunt quo dolorem sed omnis modi quidem ut. Enim omnis nihil adipisci sunt error facilis.",
      "name": "Cetrotide",
      "released": "2011-06-24"
    },
    {
      "id": "42bf5a3f-5569-438c-a95b-bf171668e069",
      "diseases": [
        "bone disease",
        "arthropathy",
        "ankylosis"
      ],
      "description": "Repellendus nulla ipsa aut. Qui repudiandae deserunt culpa et autem. Laborum sint non id labore laborum nemo.",
      "name": "Clonidine",
      "released": "2001-01-10"
    },
    {
      "id": "c322bdf0-0454-4244-9284-8a391a04cecd",
      "diseases": [
        "integumentary system cancer",
        "skin cancer",
        "malignant dermis tumor"
      ],
      "description": "Qui odit porro. Facilis voluptate quo quo eos ullam. Repellendus architecto blanditiis sint soluta molestiae ut magni. Consectetur impedit vel ipsa ea aut. Qui perspiciatis dolores adipisci.",
      "name": "Differin",
      "released": "2009-07-27"
    },
    {
      "id": "a9003b83-e0ca-4dc7-ad52-addcf415ba02",
      "diseases": [
        "autosomal genetic disease",
        "autosomal recessive disease",
        "Warburg micro syndrome"
      ],
      "description": "Maiores nobis deleniti fuga similique at doloribus. Cum id natus perspiciatis sit nostrum commodi. Provident dolores similique possimus aspernatur esse quidem qui est adipisci. Nihil in doloremque ut numquam non.",
      "name": "Rapamune",
      "released": "1987-10-29"
    },
    {
      "id": "b8d39b6e-0c37-4b36-839d-8c76efc0a9d3",
      "diseases": [
        "nephritis",
        "glomerulonephritis",
        "acute poststreptococcal glomerulonephritis"
      ],
      "description": "Ipsum aut expedita. Quidem reprehenderit voluptate nisi dolorum. Dolores dolores in est.",
      "name": "Neostigmine",
      "released": "1980-01-25"
    },
    {
      "id": "7aa45acc-c33d-46d5-a3a9-d19597dcb83a",
      "diseases": [
        "optic nerve disease",
        "papilledema",
        "Foster-Kennedy syndrome"
      ],
      "description": "Sit exercitationem dolores quod modi laborum. Nostrum et ipsa ut neque quia veritatis ducimus dolorum. Nihil dolorem non dicta ullam ipsam. Est laboriosam fuga. Quo aut repellendus sapiente dolor voluptatem magnam nulla. Quis voluptate accusamus quidem magnam et.",
      "name": "Marinol",
      "released": "1975-10-04"
    },
    {
      "id": "4f48a9be-599b-4b11-9d9d-a64117ef1d5d",
      "diseases": [
        "lung disease",
        "pneumonia",
        "toxic pneumonitis"
      ],
      "description": "Id rerum magnam autem maiores similique. Voluptatibus iure est in. Accusantium iste ducimus non eum numquam. Adipisci et explicabo harum praesentium deserunt sit explicabo.",
      "name": "Thiabendazole",
      "released": "2011-03-01"
    },
    {
      "id": "9f2221a3-2ab1-44f3-b2bf-b121536b416e",
      "diseases": [
        "allergic hypersensitivity disease",
        "allergic contact dermatitis",
        "N,N'-diphenylthiourea allergic contact dermatitis"
      ],
      "description": "Aperiam quidem rem sunt ea ullam. Assumenda ratione labore doloremque est et sint et iste qui. Unde saepe quae dolor voluptate asperiores.",
      "name": "Avinza",
      "released": "2004-12-08"
    },
    {
      "id": "87142581-9af4-417a-bf4e-2353888348f6",
      "diseases": [
        "artery disease",
        "carotid artery disease",
        "carotid artery occlusion"
      ],
      "description": "Ut fugiat expedita. Corrupti voluptatem earum dolor voluptatem maiores sed illum a qui. Delectus et expedita qui.",
      "name": "Miacalcin",
      "released": "1998-09-28"
    },
    {
      "id": "8c7eedea-f1fc-462d-beed-72c34412401f",
      "diseases": [
        "gangliosidosis",
        "gangliosidosis GM2",
        "Tay-Sachs disease"
      ],
      "description": "Aspernatur ratione sunt modi quod ut illo. Quo perspiciatis veritatis explicabo ut et qui. Voluptas id et nihil itaque omnis. Eaque aut corrupti molestias non dolorum enim autem itaque. Et corrupti est quidem vel est repellendus deserunt. Nesciunt et quia et.",
      "name": "Calcium Gluconate",
      "released": "1984-06-24"
    },
    {
      "id": "1f361ae6-e8b7-4790-8e65-44a038fe6daf",
      "diseases": [
        "organic acidemia",
        "methylmalonic acidemia",
        "methylmalonic aciduria due to methylmalonyl-CoA mutase deficiency"
      ],
      "description": "Quos ipsam aut nobis aliquid distinctio explicabo minima. Earum qui et commodi sed sit quae et. Et aspernatur molestiae ea culpa libero tempore ut. Voluptas eum ex doloribus et velit alias ab. Veritatis quo aut quo architecto.",
      "name": "Aricept",
      "released": "1996-12-09"
    },
    {
      "id": "8081c52a-e806-46ee-ad7a-44df0eaa5adb",
      "diseases": [
        "uveitis",
        "panuveitis",
        "sympathetic ophthalmia"
      ],
      "description": "Est soluta ipsum provident quia alias perferendis ad. Ea facere architecto ut aut id error. Perferendis provident voluptatum beatae reprehenderit nihil est velit pariatur. Omnis architecto itaque mollitia nihil sequi quia.",
      "name": "Climara Pro",
      "released": "1989-12-16"
    },
    {
      "id": "ca217813-1169-41b9-9e3f-aa34db784670",
      "diseases": [
        "mixed cell type cancer",
        "carcinosarcoma",
        "adenosarcoma"
      ],
      "description": "Neque est maiores. Autem consequatur molestias. Illo doloremque velit omnis fugit iusto vero nihil.",
      "name": "Coumadin",
      "released": "1985-06-25"
    },
    {
      "id": "61bffed9-a99b-459b-b8fc-5032a12a4ac9",
      "diseases": [
        "cell type benign neoplasm",
        "hemangioma",
        "scrotal angioma"
      ],
      "description": "Similique nihil rerum rerum sit nostrum modi voluptatem facilis. Et ut non quis ipsum sit neque illum. Nostrum nesciunt in quos dignissimos. Adipisci minus voluptatem illum sit veniam nemo doloribus alias. Labore nostrum nostrum et accusamus quaerat.",
      "name": "Sutent",
      "released": "1996-08-16"
    },
    {
      "id": "95fe35c0-8e96-48c0-bcd3-b40f6310a651",
      "diseases": [
        "chromosomal disease",
        "chromosomal deletion syndrome",
        "chromosome 16q22 deletion syndrome"
      ],
      "description": "Rerum ut ut porro. Quia magnam nulla repudiandae quam. Omnis qui illum ut voluptas eveniet aut. Aut porro labore officiis in. Magnam voluptates voluptatum officiis quia excepturi eos eos.",
      "name": "Buspar",
      "released": "1985-02-08"
    },
    {
      "id": "6030dd85-015e-4daf-8db0-ca3734a43aee",
      "diseases": [
        "carcinoma",
        "skin carcinoma",
        "Merkel cell carcinoma"
      ],
      "description": "Eos et voluptatibus quo odio. Quos dolore qui neque molestias nemo nam. Aliquid neque voluptas ut similique. Perferendis laboriosam aut dolor aliquam quod in tempora.",
      "name": "Hydroxyethyl Starch",
      "released": "1992-07-19"
    },
    {
      "id": "c958ec8d-9909-4326-a0d8-893263eba01b",
      "diseases": [
        "autoimmune disease of central nervous system",
        "multiple sclerosis",
        "relapsing-remitting multiple sclerosis"
      ],
      "description": "Corporis earum ullam. Quam nihil vero non voluptatum. Porro accusamus delectus cupiditate.",
      "name": "Atazanavir Sulfate",
      "released": "1975-08-18"
    },
    {
      "id": "a636675c-6d75-4671-9731-4fcfb47e0692",
      "diseases": [
        "skin disease",
        "pigmentation disease",
        "dyschromatosis universalis hereditaria"
      ],
      "description": "Earum sit numquam doloremque unde itaque dolores. Saepe quidem perspiciatis velit aliquid laudantium sunt. Et possimus quibusdam est possimus consequatur hic commodi est. Quas et voluptatem qui soluta cupiditate. Laborum ratione quia nemo. Eos rem molestias voluptate totam.",
      "name": "Phenoxybenzamine",
      "released": "1993-04-09"
    },
    {
      "id": "cda353f7-c204-4334-8e40-1deb117d5306",
      "diseases": [
        "chromosomal disease",
        "chromosomal deletion syndrome",
        "chromosome 13q14 deletion syndrome"
      ],
      "description": "Sunt nisi delectus. Omnis error eligendi corporis doloremque dolores maxime porro. Iusto voluptas nihil est molestiae possimus. Minus aliquid quam ipsa vitae voluptas voluptatum et cumque aliquid.",
      "name": "Alemtuzumab",
      "released": "1975-02-03"
    },
    {
      "id": "6ec391ee-caf7-4cd5-b7f3-b33d95197db1",
      "diseases": [
        "mastocytosis",
        "cutaneous mastocytosis",
        "urticaria pigmentosa"
      ],
      "description": "Quia accusamus dicta aut dolores vel et optio. In suscipit nobis laudantium. Doloribus blanditiis dolorem. Sint adipisci iusto iste quia autem qui.",
      "name": "Nascobal",
      "released": "1986-01-30"
    },
    {
      "id": "f2c08ebf-2ab8-46af-b986-74d8689cb964",
      "diseases": [
        "colonic disease",
        "colon cancer",
        "transverse colon cancer"
      ],
      "description": "Rerum consequuntur non et animi veniam sed quos autem. Consequuntur repellendus ab qui aperiam est. Dicta odio corporis quia autem ea recusandae. Aliquam optio quia dolorem vel velit modi qui aperiam totam.",
      "name": "Betagan",
      "released": "1984-11-04"
    },
    {
      "id": "58b565e6-32a9-45f6-adef-2e24b9b5582e",
      "diseases": [
        "bladder disease",
        "cystitis",
        "acute cystitis"
      ],
      "description": "Vero eum rerum recusandae autem. Et eveniet enim ut voluptates iste velit libero. Veniam eos omnis aut exercitationem quibusdam dolores.",
      "name": "Azasan",
      "released": "1995-10-14"
    },
    {
      "id": "0e3a53fc-5651-4910-b46c-4cd82451e0d0",
      "diseases": [
        "thoracic benign neoplasm",
        "breast benign neoplasm",
        "breast fibroadenoma"
      ],
      "description": "Quos voluptates et est voluptatem et dolorum eaque beatae autem. Repellendus nisi at et sequi nobis odit est. Ad distinctio pariatur sit animi voluptas ea veritatis.",
      "name": "Metoprolol Tartrate",
      "released": "2007-05-26"
    },
    {
      "id": "975e14bd-a75a-4d22-b44f-2c83d04dca61",
      "diseases": [
        "vesiculobullous skin disease",
        "epidermolysis bullosa",
        "epidermolysis bullosa simplex"
      ],
      "description": "Aspernatur ut est voluptates ut. Suscipit velit et exercitationem eum eligendi sit voluptas quis asperiores. Magni distinctio iusto dolorum aut numquam. Qui optio et ipsam aperiam voluptates ut quo.",
      "name": "Actisite",
      "released": "1982-02-22"
    },
    {
      "id": "8bc69fe3-98f7-4e3e-97ad-5c9c16676391",
      "diseases": [
        "bacterial infectious disease",
        "rheumatic fever"
      ],
      "description": "Repellendus reprehenderit et eius. Tempore magni nulla cupiditate eum qui aut dolor quaerat. Consequuntur illo labore ratione laudantium temporibus vero et ratione. Omnis veritatis ipsam temporibus tempora ut ut repellendus fugiat corporis. Eveniet error est ut reiciendis nihil sapiente. Aut odio consectetur omnis eum illo expedita.",
      "name": "ProHance",
      "released": "1984-02-22"
    },
    {
      "id": "a7e88cc9-6b8e-4e78-9783-c94ddcbee7cb",
      "diseases": [
        "uterine disease",
        "placenta disease",
        "chorioamnionitis"
      ],
      "description": "Cumque dolor sit consequuntur ea voluptatum. Et cumque delectus ea temporibus neque minus. Eos recusandae doloribus aliquam odio quaerat omnis omnis ratione facere. Laborum eum minus atque labore. Libero quis dolor dolor iste. Voluptatum et minus veniam.",
      "name": "Hydrocodone Bitartrate and Acetaminophen",
      "released": "1988-11-03"
    },
    {
      "id": "c8f4b66e-49e1-4827-b5e5-7b38646bb6fa",
      "diseases": [
        "Charcot-Marie-Tooth disease",
        "Charcot-Marie-Tooth disease intermediate type",
        "Charcot-Marie-Tooth disease dominant intermediate G"
      ],
      "description": "Iusto nam vel excepturi. Sit at nihil suscipit. Assumenda doloremque ex occaecati quo.",
      "name": "Hepatitis B Immune Globulin",
      "released": "1971-01-15"
    },
    {
      "id": "185875f2-8041-47f7-9632-632fef90ef3d",
      "diseases": [
        "central nervous system disease",
        "paraplegia",
        "Brown-Sequard syndrome"
      ],
      "description": "Repellendus ullam consequatur ut culpa alias delectus. Dignissimos natus et aut id ea est. Dolore et voluptatem at quasi possimus. Id ab dolorem quia minus ex.",
      "name": "Pentetate Zinc Trisodium",
      "released": "1983-10-15"
    },
    {
      "id": "b22d2b95-2ade-4aa6-95ef-e598ea473a61",
      "diseases": [
        "vascular cancer",
        "angiosarcoma",
        "conventional angiosarcoma"
      ],
      "description": "Necessitatibus aut et similique non vel rerum officia. Et omnis et accusamus dicta ut consequatur. Quis reiciendis quae accusamus et architecto sed nobis.",
      "name": "Penlac",
      "released": "1987-08-17"
    },
    {
      "id": "c308f80d-cad4-4d4d-b74d-a206d708b128",
      "diseases": [
        "cell type cancer",
        "carcinoma",
        "colorectal carcinoma"
      ],
      "description": "Accusantium voluptatem modi nobis voluptas maiores. Tempora eveniet minus mollitia et. Quia laborum dolor ab maiores aspernatur aut nam.",
      "name": "Roxicodone",
      "released": "1971-01-13"
    },
    {
      "id": "b9b3837b-018c-479b-9ea5-6bd406cbb5d0",
      "diseases": [
        "Usher syndrome",
        "Usher syndrome type 1",
        "Usher syndrome type 1C"
      ],
      "description": "Molestias quo adipisci. Autem et maxime expedita odit corrupti inventore. Doloribus et quasi cupiditate. Quia dignissimos occaecati autem quo nihil. Dolor amet aut deleniti. Quia temporibus est aliquid.",
      "name": "Betimol",
      "released": "1973-05-09"
    },
    {
      "id": "dca81c2e-de85-4dce-a4bb-bc57f12bf8e1",
      "diseases": [
        "pancreatic cancer",
        "islet cell tumor",
        "non-functioning pancreatic endocrine tumor"
      ],
      "description": "Dolorum et itaque inventore. Praesentium non optio quam officia molestiae aliquid illo. Nisi et rem et voluptatum. Modi quisquam voluptatibus veniam minus qui recusandae. Omnis fuga nesciunt vitae sed facere cupiditate ipsum.",
      "name": "Orudis",
      "released": "1980-04-10"
    },
    {
      "id": "e2e5732c-fdd4-44c7-845e-acc3d4555220",
      "diseases": [
        "lung disease",
        "respiratory failure",
        "adult respiratory distress syndrome"
      ],
      "description": "Sapiente voluptatibus et excepturi odit neque. Qui in incidunt ipsam. Dolor velit sint. Dolorum facilis doloremque dicta alias laboriosam voluptas. Iure dolores a sit voluptatibus.",
      "name": "Mustargen",
      "released": "2013-07-07"
    },
    {
      "id": "5886bcc6-1c6a-4723-9dca-eecd38c5cd94",
      "diseases": [
        "Usher syndrome",
        "Usher syndrome type 2",
        "Usher syndrome type 2D"
      ],
      "description": "Sit unde quisquam quidem corporis aliquam. Aliquid reprehenderit quasi maxime. Hic rerum rerum enim. Alias dolores officia doloremque voluptatem et odit et.",
      "name": "Raxar",
      "released": "1983-09-14"
    },
    {
      "id": "879beceb-ed01-482a-9527-221fc47fd77a",
      "diseases": [
        "vascular disease",
        "cholesterol embolism",
        "atheroembolism of kidney"
      ],
      "description": "Est deserunt voluptas accusantium sit est quo nulla. Sed reprehenderit ipsam aut aut dolorem consequatur est sunt. Aliquid ea eligendi et sequi vel pariatur omnis. Sapiente doloribus temporibus aut expedita non.",
      "name": "Podophyllin",
      "released": "1989-05-15"
    },
    {
      "id": "3e13b18f-e687-4366-92de-4ecfcf364449",
      "diseases": [
        "intestinal benign neoplasm",
        "anus benign neoplasm",
        "anal gland neoplasm"
      ],
      "description": "Velit neque rerum repellendus. Aut eum quaerat dicta ea recusandae magni quam. Est corporis consequatur voluptatum hic et eaque corrupti. Mollitia minima corporis corrupti unde qui quae.",
      "name": "Ultiva",
      "released": "1987-08-30"
    },
    {
      "id": "bbd7fb43-ea06-4352-8624-9c06c0ec6987",
      "diseases": [
        "eye disease",
        "scleral disease",
        "scleromalacia perforans"
      ],
      "description": "Velit autem vitae ut. Qui qui unde minima. Fugit sed pariatur odio ex fugiat. Odit cupiditate similique nesciunt laudantium ut. Esse nihil rerum reprehenderit perspiciatis est et qui. Esse officia cumque iste dolorum aspernatur sunt.",
      "name": "Clarithromycin",
      "released": "1975-01-10"
    },
    {
      "id": "3a08cf53-4a14-470e-ad8f-de8918e30eae",
      "diseases": [
        "neuropathy",
        "mononeuropathy",
        "tibial neuropathy"
      ],
      "description": "Reiciendis fugit impedit illum corporis incidunt unde laudantium placeat. Enim laudantium asperiores nesciunt. Quis iste omnis rerum impedit perferendis dignissimos et omnis. Labore dicta consectetur beatae ratione mollitia dolore. Aut ducimus dolorum ut voluptatem vero ipsa.",
      "name": "Sodium Iodide I 131",
      "released": "2015-08-17"
    },
    {
      "id": "cc23a551-5829-443a-bdb9-e9cdadb394ee",
      "diseases": [
        "impulse control disorder",
        "pyromania"
      ],
      "description": "Enim qui sit ab quia eos recusandae. Ut sapiente iure et veniam velit adipisci quae qui. Dolores distinctio aspernatur possimus eligendi beatae necessitatibus ipsam. Pariatur libero tenetur sit doloribus aperiam sint. Autem voluptatem quidem cupiditate natus quod. Aut sed ipsa possimus magni itaque enim maiores quis.",
      "name": "Novoseven",
      "released": "1979-01-14"
    },
    {
      "id": "fb456cb7-5ebd-4e10-9309-6554b6520cfd",
      "diseases": [
        "organ system benign neoplasm",
        "endocrine organ benign neoplasm",
        "pheochromocytoma"
      ],
      "description": "Sed dicta reiciendis aut quasi harum quia error. Dolores hic sit dolor consequatur temporibus rerum quos dolorum. Ea aut eaque earum mollitia temporibus reiciendis voluptas omnis quos.",
      "name": "Chloroprocaine",
      "released": "2015-02-21"
    },
    {
      "id": "7ab0c15d-9f96-489f-acef-8ff949129d39",
      "diseases": [
        "diabetes mellitus",
        "type 2 diabetes mellitus",
        "diabetic ketoacidosis"
      ],
      "description": "Repudiandae omnis similique modi et laudantium. Nemo hic ducimus debitis quia sit. Quidem libero placeat aut itaque.",
      "name": "Remifentanil",
      "released": "1982-02-28"
    },
    {
      "id": "2abe4620-784c-4b58-9263-19bf89396176",
      "diseases": [
        "connective tissue benign neoplasm",
        "bone benign neoplasm",
        "ossifying fibroma"
      ],
      "description": "Ut dolorem eos quia suscipit ducimus ipsum qui. Labore ut ut qui vitae. Suscipit voluptas odit.",
      "name": "Cinobac",
      "released": "2008-06-17"
    },
    {
      "id": "0f25d245-e917-4ccc-a418-6f8632733e09",
      "diseases": [
        "cell type cancer",
        "melanoma",
        "amelanotic melanoma"
      ],
      "description": "Rerum consequatur deleniti et illum consequatur quis libero et hic. Quasi corrupti adipisci placeat dolor. Suscipit inventore et vel dolor error facilis magnam.",
      "name": "Uloric",
      "released": "1998-09-22"
    },
    {
      "id": "6003cbe5-0a3b-4fcc-88c5-de734e7d1798",
      "diseases": [
        "middle ear disease",
        "cholesteatoma of middle ear",
        "cholesteatoma of attic"
      ],
      "description": "Quaerat rerum rem provident quia ipsam. Voluptatibus dolorum soluta quo. Dolorem et dolorem dolor saepe animi velit minus. Placeat quas sed est.",
      "name": "VisionBlue",
      "released": "1978-08-06"
    },
    {
      "id": "21883bb5-5f30-47d1-b482-290fa2585453",
      "diseases": [
        "epididymitis",
        "epididymo-orchitis",
        "acute gonococcal epididymo-orchitis"
      ],
      "description": "Qui ipsum iure accusamus asperiores iure molestiae accusamus. Aut asperiores eligendi sapiente accusantium quia. Repellendus et quidem aut. Dolor et deserunt perferendis quis aperiam veniam voluptatum. Architecto magni aspernatur ratione excepturi neque.",
      "name": "Phenobarbital",
      "released": "1974-06-12"
    },
    {
      "id": "3612f348-a1d1-480f-8474-ec18d18c7f6d",
      "diseases": [
        "X-linked monogenic disease",
        "X-linked recessive disease",
        "CD40 ligand deficiency"
      ],
      "description": "Commodi perspiciatis ea officiis nihil sint rerum. Et nam corporis et ut cupiditate rerum et. Unde sit non cum voluptas. Ex voluptas est nihil atque. Eius labore hic.",
      "name": "Pazopanib",
      "released": "1981-04-12"
    },
    {
      "id": "fca48325-925e-4af1-ae6e-f559b41cce12",
      "diseases": [
        "allergic hypersensitivity disease",
        "drug allergy",
        "amodiaquine allergy"
      ],
      "description": "Beatae rem saepe libero quam veritatis. Rerum minus accusamus adipisci ratione consequatur corrupti sit. Iure incidunt voluptas quo dolor enim et voluptatem optio. Et quibusdam porro. Quia mollitia dicta illum inventore sit suscipit. Voluptatum non reiciendis aut quisquam consequatur dolores cum.",
      "name": "Dipyridamole",
      "released": "1971-01-06"
    },
    {
      "id": "c4a6486e-45ac-47ce-8a9d-914c460a8cb0",
      "diseases": [
        "female reproductive system disease",
        "prolapse of female genital organ",
        "perineocele"
      ],
      "description": "Laboriosam hic ipsum doloremque quas ipsum quia harum dolore. Aut aut voluptas perspiciatis illum ut aut sed. Exercitationem eius aliquam fugit impedit. Qui facere eaque nulla temporibus eaque aliquam. Cupiditate commodi sapiente et ipsam omnis.",
      "name": "Fludara",
      "released": "2011-01-28"
    },
    {
      "id": "ee780fe5-f9b2-4a9e-a1ec-093448208e3b",
      "diseases": [
        "lymph node disease",
        "lymphadenitis",
        "mesenteric lymphadenitis"
      ],
      "description": "Aut in omnis rerum quo quis qui dolore sunt. Non veniam quia voluptatibus. Quis numquam nihil sed est explicabo. Earum hic totam quis placeat. Quia nemo et sed saepe amet occaecati rerum.",
      "name": "Omeprazole",
      "released": "1984-08-30"
    },
    {
      "id": "19331831-28af-4d4f-84cd-61ad22173fc7",
      "diseases": [
        "bacterial infectious disease",
        "primary bacterial infectious disease",
        "ehrlichiosis"
      ],
      "description": "Et adipisci nulla totam ea. Autem earum sint ut earum enim. Laborum pariatur totam exercitationem.",
      "name": "Fludarabine Phosphate",
      "released": "1987-09-08"
    }
  ]
}